search_term,ingredient_name,calories,protein,fat,carbs,fiber,sugar,sodium
"Chicken breast, raw","Chicken, breast, boneless, skinless, raw",0.0,22.5,1.93,0.0,0.0,0.0,65.8
"Chicken breast, raw","Chicken, breast, meat and skin, raw",0.0,21.4,4.78,-0.428,0.0,0.0,48.1
"Chicken breast, raw","Chicken, broilers or fryers, breast, meat and skin, raw",172.0,20.8,9.25,0.0,0.0,0.0,63.0
"Chicken breast, raw","Chicken, broiler or fryers, breast, skinless, boneless, meat only, raw",120.0,22.5,2.62,0.0,0.0,0.0,45.0
"Chicken breast, raw","Chicken, ground, raw",143.0,17.4,8.1,0.04,0.0,0.0,60.0
"Chicken breast, raw","Pheasant, breast, meat only, raw",133.0,24.4,3.25,0.0,0.0,0.0,33.0
"Chicken breast, raw","Quail, breast, meat only, raw",123.0,22.6,2.99,0.0,0.0,0.0,55.0
"Chicken breast, raw","Chicken, broilers or fryers, breast, skinless, boneless, meat only, with added solution, raw",108.0,20.3,3.0,0.0,0.0,0.0,173.0
"Chicken breast, raw","Duck, wild, breast, meat only, raw",123.0,19.8,4.25,0.0,0.0,0.0,57.0
"Chicken breast, raw","Ruffed Grouse, breast meat, skinless, raw",112.0,25.9,0.88,0.0,0.0,0.0,50.0
"Chicken breast, raw","Turkey, whole, breast, meat only, raw",114.0,23.7,1.48,0.14,0.0,0.05,113.0
"Chicken breast, raw","Chicken, capons, giblets, raw",130.0,18.3,5.18,1.42,0.0,0.0,77.0
"Chicken breast, raw","Chicken, ground, with additives, raw",0.0,17.9,7.16,0.0,0.0,0.0,63.0
"Chicken breast, raw","Chicken, roasting, giblets, raw",127.0,18.1,5.04,1.14,0.0,0.0,77.0
"Chicken breast, raw","Chicken, stewing, giblets, raw",168.0,17.9,9.21,2.13,0.0,0.0,77.0
"Chicken breast, raw","Canada Goose, breast meat only, skinless, raw",133.0,24.3,4.02,0.0,0.0,0.0,50.0
"Chicken breast, raw","Turkey, all classes, breast, meat and skin, raw",157.0,21.9,7.02,0.0,0.0,0.0,59.0
"Chicken breast, raw","Turkey, retail parts, breast, meat and skin, raw",155.0,21.9,7.45,0.0,0.0,0.0,72.0
"Chicken breast, raw","Turkey, retail parts, breast, meat only, raw",114.0,23.3,2.33,0.0,0.0,0.0,74.0
"Chicken breast, raw","Chicken breast tenders, breaded, uncooked",263.0,14.7,15.8,15.0,1.1,0.37,536.0
"Chicken breast, raw","Chicken breast, roll, oven-roasted",134.0,14.6,7.65,1.79,0.0,0.43,883.0
"Chicken breast, raw","Chicken, broilers or fryers, giblets, raw",124.0,17.9,4.47,1.8,0.0,0.0,77.0
"Chicken breast, raw","Chicken, capons, meat and skin, raw",234.0,18.8,17.1,0.0,0.0,0.0,45.0
"Chicken breast, raw","Chicken, drumstick, meat and skin, raw",0.0,18.4,5.94,-0.475,0.0,0.0,91.0
"Chicken breast, raw","Chicken, gizzard, all classes, raw",94.0,17.7,2.06,0.0,0.0,0.0,69.0
"Chicken breast, raw","Chicken, heart, all classes, raw",153.0,15.6,9.33,0.71,0.0,0.0,74.0
"Chicken breast, raw","Chicken, liver, all classes, raw",119.0,16.9,4.83,0.73,0.0,0.0,71.0
"Chicken breast, raw","Chicken, roasting, meat only, raw",111.0,20.3,2.7,0.0,0.0,0.0,75.0
"Chicken breast, raw","Chicken, skin (drumsticks and thighs), raw",440.0,9.58,44.2,0.79,0.0,0.0,51.0
"Chicken breast, raw","Chicken, stewing, meat and skin, raw",258.0,17.6,20.3,0.0,0.0,0.0,71.0
"Chicken breast, raw","Chicken, stewing, meat only, raw",148.0,21.3,6.32,0.0,0.0,0.0,79.0
"Chicken breast, raw","Chicken, thigh, boneless, skinless, raw",0.0,18.6,7.92,0.0,0.0,0.0,62.3
"Chicken breast, raw","Chicken, thigh, meat and skin, raw",0.0,17.1,13.4,-0.173,0.0,0.0,63.6
"Chicken breast, raw","Chicken, wing, meat and skin, raw",0.0,18.4,10.6,-0.459,0.0,0.0,84.1
"Chicken breast, raw","Pork, Shoulder breast, boneless, separable lean and fat, raw",127.0,22.5,3.4,0.0,0.0,0.0,54.0
"Chicken breast, raw","Veal, breast, whole, boneless, separable lean and fat, raw",208.0,17.5,14.8,0.0,0.0,0.0,71.0
"Chicken breast, raw","Chicken breast tenders, breaded, cooked, microwaved",252.0,16.4,12.9,17.6,0.0,0.0,446.0
"Chicken breast, raw","Oscar Mayer, Chicken Breast (honey glazed)",109.0,19.8,1.5,4.3,0.0,4.3,1440.0
"Chicken breast, raw","Chicken, broilers or fryers, meat and skin, raw",215.0,18.6,15.1,0.0,0.0,0.0,70.0
"Chicken breast, raw","Chicken, broilers or fryers, meat only, raw",119.0,21.4,3.08,0.0,0.0,0.0,77.0
"Chicken breast, raw","Chicken, broilers or fryers, separable fat, raw",629.0,3.73,68.0,0.0,0.0,0.0,32.0
"Chicken breast, raw","Chicken, broilers or fryers, skin only, raw",349.0,13.3,32.4,0.0,0.0,0.0,63.0
"Chicken breast, raw","Lamb, New Zealand, imported, breast, separable lean only, raw",149.0,18.3,7.98,1.02,0.0,0.0,107.0
"Chicken breast, raw","Turkey, retail parts, breast, meat and skin, with added solution, raw",144.0,20.8,6.75,0.03,0.0,0.01,126.0
"Chicken breast, raw","Turkey, retail parts, breast, meat only, with added solution, raw",111.0,22.0,2.53,0.0,0.0,0.0,124.0
"Chicken breast, raw","Chicken breast, deli, rotisserie seasoned, sliced, prepackaged",98.0,17.4,1.86,2.92,0.0,0.75,1030.0
"Chicken breast, raw","Chicken breast, fat-free, mesquite flavor, sliced",80.0,16.8,0.39,2.25,0.0,0.2,1040.0
"Chicken breast, raw","Chicken breast, oven-roasted, fat-free, sliced",79.0,16.8,0.39,2.17,0.0,0.1,1090.0
"Chicken breast, raw","Chicken, broiler, rotisserie, BBQ, breast, meat and skin",175.0,26.4,7.67,0.09,0.0,0.09,329.0
"Chicken breast, raw","Chicken, broiler, rotisserie, BBQ, breast, meat only",144.0,28.0,3.57,0.0,0.0,0.0,328.0
"Pork loin, raw","Pork, loin, boneless, raw",0.0,21.1,9.47,0.0,0.0,0.0,40.2
"Pork loin, raw","Pork, loin, tenderloin, boneless, raw",0.0,21.6,3.9,0.0,0.0,0.0,41.4
"Pork loin, raw","Pork, fresh, loin, top loin (roasts), boneless, separable lean and fat, raw",166.0,21.3,8.33,0.0,0.0,0.0,47.0
"Pork loin, raw","Pork, fresh, loin, top loin (roasts), boneless, separable lean only, raw",132.0,22.4,4.06,0.0,0.0,0.0,49.0
"Pork loin, raw","Pork, fresh, loin, center loin (chops), bone-in, separable lean and fat, raw",170.0,20.7,9.03,0.0,0.0,0.0,55.0
"Pork loin, raw","Pork, fresh, loin, center loin (chops), bone-in, separable lean only, raw",127.0,22.0,3.71,0.0,0.0,0.0,58.0
"Pork loin, raw","Pork, fresh, loin, top loin (chops), boneless, separable lean and fat, raw",155.0,21.6,6.94,0.0,0.0,0.0,48.0
"Pork loin, raw","Pork, fresh, loin, top loin (chops), boneless, separable lean only, raw",127.0,22.4,3.42,0.0,0.0,0.0,49.0
"Pork loin, raw","Pork, fresh, loin, center loin (chops), boneless, separable lean and fat, raw",201.0,21.1,13.0,0.0,0.0,0.0,82.0
"Pork loin, raw","Pork, fresh, loin, center loin (chops), boneless, separable lean only, raw",123.0,23.8,3.09,0.0,0.0,0.0,87.0
"Pork loin, raw","Pork, fresh, loin, tenderloin, separable lean and fat, raw",120.0,20.6,3.53,0.0,0.0,0.0,52.0
"Pork loin, raw","Pork, fresh, loin, tenderloin, separable lean only, raw",109.0,21.0,2.17,0.0,0.0,0.0,53.0
"Pork loin, raw","Pork loin, fresh, backribs, bone-in, raw, lean only",172.0,20.8,9.84,0.0,0.0,0.0,95.0
"Pork loin, raw","Pork, fresh, loin, whole, separable lean and fat, raw",198.0,19.7,12.6,0.0,0.0,0.0,50.0
"Pork loin, raw","Pork, fresh, loin, whole, separable lean only, raw",143.0,21.4,5.66,0.0,0.0,0.0,52.0
"Pork loin, raw","Pork, fresh, enhanced, loin, tenderloin, separable lean only, raw",106.0,20.4,2.09,0.0,0.0,0.0,243.0
"Pork loin, raw","Ostrich, top loin, raw",119.0,21.7,2.95,0.0,0.0,0.0,81.0
"Pork loin, raw","Pork, fresh, loin, top loin (chops), boneless, separable lean and fat, with added solution, raw",171.0,19.4,10.3,0.0,0.0,0.0,251.0
"Pork loin, raw","Pork, fresh, loin, top loin (chops), boneless, separable lean only, with added solution, raw",117.0,21.1,3.48,0.22,0.0,0.0,278.0
"Pork loin, raw","Pork, fresh, loin, country-style ribs, separable lean and fat, raw",189.0,19.3,11.8,0.0,0.0,0.0,63.0
"Pork loin, raw","Pork, fresh, loin, country-style ribs, separable lean only, raw",140.0,20.8,5.64,0.0,0.0,0.0,67.0
"Pork loin, raw","Pork, fresh, loin, tenderloin, separable lean and fat, with added solution, raw",114.0,20.2,3.14,0.0,0.0,0.0,239.0
"Pork loin, raw","Pork, fresh, loin, sirloin (chops or roasts), bone-in, separable lean and fat, raw",168.0,20.5,8.96,0.0,0.0,0.0,57.0
"Pork loin, raw","Pork, fresh, loin, sirloin (chops or roasts), bone-in, separable lean only, raw",129.0,21.6,4.02,0.0,0.0,0.0,59.0
"Pork loin, raw","Pork, fresh, loin, blade (chops or roasts), bone-in, separable lean and fat, raw",194.0,19.6,12.3,0.0,0.0,0.0,69.0
"Pork loin, raw","Pork, fresh, loin, blade (chops or roasts), bone-in, separable lean only, raw",143.0,21.2,5.84,0.0,0.0,0.0,73.0
"Pork loin, raw","Pork, fresh, loin, blade (chops or roasts), boneless, separable lean only, raw",123.0,21.4,3.78,0.82,0.0,0.0,65.0
"Pork loin, raw","Pork, fresh, loin, sirloin (chops or roasts), boneless, separable lean and fat, raw",133.0,22.5,4.05,0.0,0.0,0.0,63.0
"Pork loin, raw","Pork, fresh, loin, sirloin (chops or roasts), boneless, separable lean only, raw",121.0,22.8,2.59,0.0,0.0,0.0,63.0
"Pork loin, raw","Pork, ground, raw",0.0,17.8,17.5,0.0,0.0,0.0,53.6
"Pork loin, raw","Pork, cured, salt pork, raw",748.0,5.05,80.5,0.0,0.0,0.0,2680.0
"Pork loin, raw","HORMEL ALWAYS TENDER, Boneless Pork Loin, Fresh Pork",145.0,19.0,7.18,0.76,0.0,0.08,358.0
"Pork loin, raw","Pork, fresh, loin, center rib (chops or roasts), bone-in, separable lean and fat, raw",186.0,20.3,11.0,0.0,0.0,0.0,56.0
"Pork loin, raw","Pork, fresh, loin, center rib (chops or roasts), bone-in, separable lean only, raw",136.0,21.8,4.8,0.0,0.0,0.0,60.0
"Pork loin, raw","Veal, loin, separable lean and fat, raw",177.0,20.1,10.1,0.07,0.0,0.0,98.0
"Pork loin, raw","Veal, loin, separable lean only, raw",114.0,21.8,2.9,0.0,0.0,0.0,99.0
"Pork loin, raw","Pork, fresh, loin, blade (chops or roasts), boneless, separable lean and fat only, raw",157.0,20.5,7.94,0.76,0.0,0.0,64.0
"Pork loin, raw","Pork, fresh, loin, center rib (chops or roasts), boneless, separable lean and fat, raw",211.0,19.9,14.0,0.0,0.0,0.0,42.0
"Pork loin, raw","Pork, fresh, loin, center rib (chops or roasts), boneless, separable lean only, raw",152.0,21.8,6.48,0.0,0.0,0.0,45.0
"Pork loin, raw","Bockwurst, pork, veal, raw",301.0,14.0,25.9,2.95,1.0,1.33,756.0
"Pork loin, raw","Pork, belly, with skin, raw",0.0,15.2,35.8,-0.705,0.0,0.0,49.7
"Pork loin, raw","Pork, fresh, backfat, raw",812.0,2.92,88.7,0.0,0.0,0.0,11.0
"Pork loin, raw","Pork, fresh, belly, raw",518.0,9.34,53.0,0.0,0.0,0.0,32.0
"Pork loin, raw","Pork, fresh, ground, raw",263.0,16.9,21.2,0.0,0.0,0.0,56.0
"Pork loin, raw","Pork, fresh, loin, top loin (roasts), boneless, separable lean and fat, cooked, roasted",192.0,26.4,8.82,0.0,0.0,0.0,46.0
"Pork loin, raw","Pork, fresh, loin, top loin (roasts), boneless, separable lean only, cooked, roasted",173.0,27.2,6.28,0.0,0.0,0.0,47.0
"Pork loin, raw","Pork, fresh, composite of trimmed retail cuts (leg, loin, shoulder), separable lean only, raw",134.0,21.2,4.86,0.0,0.0,0.0,59.0
"Pork loin, raw","Pork, fresh, composite of trimmed retail cuts (loin and shoulder blade), separable lean and fat, raw",177.0,20.1,10.1,0.0,0.0,0.0,54.0
"Pork loin, raw","Pork, fresh, composite of trimmed retail cuts (loin and shoulder blade), separable lean only, raw",144.0,21.2,5.88,0.0,0.0,0.0,54.0
"Pork loin, raw","Pork, fresh, loin, center loin (chops), bone-in, separable lean and fat, cooked, broiled",209.0,25.6,11.1,0.0,0.0,0.0,55.0
"Beef sirloin, raw","Beef, top sirloin steak, raw",0.0,22.0,5.71,0.218,0.0,0.0,42.8
"Beef sirloin, raw","Veal, sirloin, separable lean and fat, raw",152.0,19.1,7.81,0.0,0.0,0.0,76.0
"Beef sirloin, raw","Veal, sirloin, separable lean only, raw",110.0,20.2,2.59,0.0,0.0,0.0,80.0
"Beef sirloin, raw","Beef, top sirloin, steak, separable lean and fat, trimmed to 1/8"" fat, choice, raw",214.0,19.9,14.3,0.0,0.0,0.0,51.0
"Beef sirloin, raw","Beef, top sirloin, steak, separable lean and fat, trimmed to 1/8"" fat, select, raw",189.0,20.7,11.1,0.0,0.0,0.0,53.0
"Beef sirloin, raw","Beef, top sirloin, steak, separable lean only, trimmed to 1/8"" fat, choice, raw",135.0,21.9,4.62,0.0,0.0,0.0,57.0
"Beef sirloin, raw","Beef, top sirloin, steak, separable lean only, trimmed to 1/8"" fat, select, raw",127.0,22.3,3.54,0.0,0.0,0.0,56.0
"Beef sirloin, raw","Beef, top sirloin, steak, separable lean and fat, trimmed to 1/8"" fat, all grades, raw",201.0,20.3,12.7,0.0,0.0,0.0,52.0
"Beef sirloin, raw","Beef, bottom sirloin, tri-tip roast, separable lean and fat, trimmed to 0"" fat, choice, raw",174.0,20.6,9.51,0.0,0.0,0.0,51.0
"Beef sirloin, raw","Beef, bottom sirloin, tri-tip roast, separable lean and fat, trimmed to 0"" fat, select, raw",157.0,20.6,7.68,0.0,0.0,0.0,53.0
"Beef sirloin, raw","Beef, bottom sirloin, tri-tip roast, separable lean only, trimmed to 0"" fat, choice, raw",154.0,21.2,7.06,0.0,0.0,0.0,54.0
"Beef sirloin, raw","Beef, bottom sirloin, tri-tip roast, separable lean only, trimmed to 0"" fat, select, raw",129.0,21.3,4.21,0.0,0.0,0.0,54.0
"Beef sirloin, raw","Beef, top sirloin, steak, separable lean only, trimmed to 1/8"" fat, all grades, raw",131.0,22.1,4.08,0.0,0.0,0.0,56.0
"Beef sirloin, raw","Beef, cured, corned beef, brisket, raw",198.0,14.7,14.9,0.14,0.0,0.0,1220.0
"Beef sirloin, raw","Beef, tenderloin steak, raw",0.0,21.1,6.46,0.18,0.0,0.0,44.8
"Beef sirloin, raw","Beef, bottom sirloin, tri-tip roast, separable lean and fat, trimmed to 0"" fat, all grades, raw",165.0,20.6,8.55,0.0,0.0,0.0,52.0
"Beef sirloin, raw","Beef, bottom sirloin, tri-tip roast, separable lean only, trimmed to 0"" fat, all grades, raw",142.0,21.3,5.63,0.0,0.0,0.0,54.0
"Beef sirloin, raw","Pork, Leg sirloin tip roast, boneless, separable lean and fat, raw",113.0,22.9,1.71,0.0,0.0,0.0,50.0
"Beef sirloin, raw","Beef, New Zealand, imported, manufacturing beef, raw",119.0,21.2,3.68,0.23,0.0,0.0,55.0
"Beef sirloin, raw","Beef, loin, top sirloin cap steak, boneless, separable lean and fat, trimmed to 1/8"" fat, choice, raw",199.0,19.7,13.4,0.0,0.0,0.0,80.0
"Beef sirloin, raw","Beef, loin, top sirloin cap steak, boneless, separable lean and fat, trimmed to 1/8"" fat, select, raw",179.0,20.1,10.9,0.0,0.0,0.0,78.0
"Beef sirloin, raw","Beef, loin, top sirloin cap steak, boneless, separable lean only, trimmed to 1/8"" fat, choice, raw",138.0,21.3,5.82,0.0,0.0,0.0,60.0
"Beef sirloin, raw","Beef, loin, top sirloin cap steak, boneless, separable lean only, trimmed to 1/8"" fat, select, raw",128.0,21.4,4.68,0.0,0.0,0.0,52.0
"Beef sirloin, raw","Beef, loin, top sirloin petite roast/filet, boneless, separable lean only, trimmed to 0"" fat, choice, raw",132.0,23.0,4.4,0.0,0.0,0.0,65.0
"Beef sirloin, raw","Beef, loin, top sirloin petite roast/filet, boneless, separable lean only, trimmed to 0"" fat, select, raw",122.0,23.0,3.35,0.0,0.0,0.0,58.0
"Beef sirloin, raw","Beef, grass-fed, ground, raw",198.0,19.4,12.7,0.0,0.0,0.0,68.0
"Beef sirloin, raw","Pork, fresh, loin, sirloin (chops or roasts), bone-in, separable lean and fat, raw",168.0,20.5,8.96,0.0,0.0,0.0,57.0
"Beef sirloin, raw","Pork, fresh, loin, sirloin (chops or roasts), bone-in, separable lean only, raw",129.0,21.6,4.02,0.0,0.0,0.0,59.0
"Beef sirloin, raw","Beef, Australian, imported, grass-fed, loin, top sirloin cap-off steak/roast, boneless, separable lean and fat, raw",127.0,21.8,4.45,0.01,0.0,0.0,59.0
"Beef sirloin, raw","Beef, Australian, imported, grass-fed, loin, top sirloin cap-off steak/roast, boneless, separable lean only, raw",122.0,21.9,3.87,0.0,0.0,0.0,60.0
"Beef sirloin, raw","Beef, loin, top sirloin cap steak, boneless, separable lean and fat, trimmed to 1/8"" fat, all grades, raw",191.0,19.9,12.4,0.0,0.0,0.0,80.0
"Beef sirloin, raw","Beef, loin, top sirloin cap steak, boneless, separable lean only, trimmed to 1/8"" fat, all grades, raw",134.0,21.4,5.36,0.0,0.0,0.0,55.0
"Beef sirloin, raw","Beef, loin, top sirloin petite roast/filet, boneless, separable lean only, trimmed to 0"" fat, all grades, raw",128.0,23.0,3.98,0.0,0.0,0.0,65.0
"Beef sirloin, raw","Beef, variety meats and by-products, mechanically separated beef, raw",276.0,15.0,23.5,0.0,0.0,0.0,57.0
"Beef sirloin, raw","Pork, fresh, loin, sirloin (chops or roasts), boneless, separable lean and fat, raw",133.0,22.5,4.05,0.0,0.0,0.0,63.0
"Beef sirloin, raw","Pork, fresh, loin, sirloin (chops or roasts), boneless, separable lean only, raw",121.0,22.8,2.59,0.0,0.0,0.0,63.0
"Beef sirloin, raw","Beef, chuck, roast, boneless, choice, raw",0.0,18.4,17.8,0.0,0.0,0.0,48.4
"Beef sirloin, raw","Beef, cured, breakfast strips, raw or unheated",406.0,12.5,38.8,0.7,0.0,0.0,955.0
"Beef sirloin, raw","Beef, flank, steak, boneless, choice, raw",0.0,20.1,9.4,0.0,0.0,0.0,51.3
"Beef sirloin, raw","Beef, New Zealand, imported, inside, raw",128.0,22.2,4.36,0.1,0.0,0.0,40.0
"Beef sirloin, raw","Beef, New Zealand, imported, sweetbread, raw",303.0,11.5,28.6,0.0,0.0,0.0,64.0
"Beef sirloin, raw","Beef, retail cuts, separable fat, raw",674.0,8.21,70.9,0.0,0.0,0.0,26.0
"Beef sirloin, raw","Beef, ribeye, steak, boneless, choice, raw",0.0,18.7,20.0,0.0,0.0,0.0,42.5
"Beef sirloin, raw","Beef, variety meats and by-products, brain, raw",143.0,10.9,10.3,1.05,0.0,0.0,126.0
"Beef sirloin, raw","Beef, variety meats and by-products, heart, raw",112.0,17.7,3.94,0.14,0.0,0.0,98.0
"Beef sirloin, raw","Beef, variety meats and by-products, kidneys, raw",99.0,17.4,3.09,0.29,0.0,0.0,182.0
"Beef sirloin, raw","Beef, variety meats and by-products, liver, raw",135.0,20.4,3.63,3.89,0.0,0.0,69.0
"Beef sirloin, raw","Beef, variety meats and by-products, lungs, raw",92.0,16.2,2.5,0.0,0.0,0.0,198.0
"Beef sirloin, raw","Beef, variety meats and by-products, pancreas, raw",235.0,15.7,18.6,0.0,0.0,0.0,67.0
"Beef sirloin, raw","Beef, variety meats and by-products, spleen, raw",105.0,18.3,3.0,0.0,0.0,0.0,85.0
"Shrimp, raw","Crustaceans, shrimp, raw",85.0,20.1,0.51,0.0,0.0,0.0,119.0
"Shrimp, raw","Crustaceans, shrimp, farm raised, raw",0.0,15.6,0.801,0.485,0.0,0.0,475.0
"Shrimp, raw","Crustaceans, shrimp, mixed species, raw (may contain additives to retain moisture)",71.0,13.6,1.01,0.91,0.0,0.0,566.0
"Shrimp, raw","Crustaceans, shrimp, cooked",99.0,24.0,0.28,0.2,0.0,0.0,111.0
"Shrimp, raw","Snacks, shrimp cracker",426.0,7.14,17.9,59.1,5.6,21.4,571.0
"Shrimp, raw","Abiyuch, raw",69.0,1.5,0.1,17.6,5.3,8.55,20.0
"Shrimp, raw","Apricots, raw",48.0,1.4,0.39,11.1,2.0,9.24,1.0
"Shrimp, raw","Arrowhead, raw",99.0,5.33,0.29,20.2,0.0,0.0,22.0
"Shrimp, raw","Arrowroot, raw",65.0,4.24,0.2,13.4,1.3,0.0,26.0
"Shrimp, raw","Arugula, raw",25.0,2.58,0.66,3.65,1.6,2.05,27.0
"Shrimp, raw","Asparagus, raw",20.0,2.2,0.12,3.88,2.1,1.88,2.0
"Shrimp, raw","Bananas, raw",89.0,1.09,0.33,22.8,2.6,12.2,1.0
"Shrimp, raw","Beets, raw",0.0,1.69,0.302,8.79,3.12,0.0,112.0
"Shrimp, raw","Beets, raw",43.0,1.61,0.17,9.56,2.8,6.76,78.0
"Shrimp, raw","Blackberries, raw",43.0,1.39,0.49,9.61,5.3,4.88,1.0
"Shrimp, raw","Blackberries, raw",0.0,1.53,0.0,0.0,0.0,0.0,1.55
"Shrimp, raw","Blueberries, raw",0.0,0.703,0.306,14.6,0.0,0.0,0.0
"Shrimp, raw","Blueberries, raw",57.0,0.74,0.33,14.5,2.4,9.96,1.0
"Shrimp, raw","Borage, raw",21.0,1.8,0.7,3.06,0.0,0.0,80.0
"Shrimp, raw","Breadfruit, raw",103.0,1.07,0.23,27.1,4.9,11.0,2.0
"Shrimp, raw","Broccoli, raw",31.0,2.57,0.34,6.27,2.4,0.0,36.0
"Shrimp, raw","Broccoli, raw",34.0,2.82,0.37,6.64,2.6,1.7,33.0
"Shrimp, raw","Cabbage, raw",25.0,1.28,0.1,5.8,2.5,3.2,18.0
"Shrimp, raw","Cardoon, raw",17.0,0.7,0.1,4.07,1.6,0.0,170.0
"Shrimp, raw","Carrots, raw",41.0,0.93,0.24,9.58,2.8,4.74,69.0
"Shrimp, raw","Cassava, raw",160.0,1.36,0.28,38.1,1.8,1.7,14.0
"Shrimp, raw","Cauliflower, raw",0.0,1.64,0.238,4.72,1.95,0.0,20.0
"Shrimp, raw","Cauliflower, raw",25.0,1.92,0.28,4.97,2.0,1.91,30.0
"Shrimp, raw","Celeriac, raw",42.0,1.5,0.3,9.2,1.8,1.6,100.0
"Shrimp, raw","Celery, raw",0.0,0.492,0.162,3.32,0.0,0.0,97.2
"Shrimp, raw","Celery, raw",14.0,0.69,0.17,2.97,1.6,1.34,80.0
"Shrimp, raw","Celtuce, raw",18.0,0.85,0.3,3.65,1.7,0.0,11.0
"Shrimp, raw","Cherimoya, raw",75.0,1.57,0.68,17.7,3.0,12.9,7.0
"Shrimp, raw","Chives, raw",30.0,3.27,0.73,4.35,2.5,1.85,3.0
"Shrimp, raw","Clementines, raw",47.0,0.85,0.15,12.0,1.7,9.18,1.0
"Shrimp, raw","Collards, raw",32.0,3.02,0.61,5.42,4.0,0.46,17.0
"Shrimp, raw","Collards, raw",0.0,2.97,0.77,7.02,3.82,0.0,18.4
"Shrimp, raw","Cornsalad, raw",21.0,2.0,0.4,3.6,0.0,0.0,4.0
"Shrimp, raw","Crabapples, raw",76.0,0.4,0.3,20.0,0.0,0.0,1.0
"Shrimp, raw","Cranberries, raw",46.0,0.46,0.13,12.0,3.6,4.27,2.0
"Shrimp, raw","Dock, raw",22.0,2.0,0.7,3.2,2.9,0.0,4.0
"Shrimp, raw","Eggplant, raw",25.0,0.98,0.18,5.88,3.0,3.53,2.0
"Shrimp, raw","Eggplant, raw",0.0,0.852,0.12,5.4,2.45,0.0,0.442
"Shrimp, raw","Elderberries, raw",73.0,0.66,0.5,18.4,7.0,0.0,6.0
"Shrimp, raw","Endive, raw",17.0,1.25,0.2,3.35,3.1,0.25,22.0
"Shrimp, raw","Epazote, raw",32.0,0.33,0.52,7.44,3.8,0.0,43.0
"Shrimp, raw","Eppaw, raw",150.0,4.6,1.8,31.7,0.0,0.0,12.0
"Shrimp, raw","Feijoa, raw",61.0,0.71,0.42,15.2,6.4,8.2,3.0
"Shrimp, raw","Figs, raw",74.0,0.75,0.3,19.2,2.9,16.3,1.0
"Shrimp, raw","Garlic, raw",143.0,6.62,0.38,28.2,2.7,0.0,0.0
"Fish, tilapia, raw","Fish, tilapia, raw",96.0,20.1,1.7,0.0,0.0,0.0,52.0
"Fish, tilapia, raw","Fish, tilapia, farm raised, raw",0.0,19.0,2.48,0.0,0.0,0.0,93.7
"Fish, tilapia, raw","Fish, tilapia, cooked, dry heat",128.0,26.2,2.65,0.0,0.0,0.0,56.0
"Fish, tilapia, raw","Fish, bluefish, raw",124.0,20.0,4.24,0.0,0.0,0.0,60.0
"Fish, tilapia, raw","Fish, burbot, raw",90.0,19.3,0.81,0.0,0.0,0.0,97.0
"Fish, tilapia, raw","Fish, butterfish, raw",146.0,17.3,8.02,0.0,0.0,0.0,89.0
"Fish, tilapia, raw","Fish, carp, raw",127.0,17.8,5.6,0.0,0.0,0.0,49.0
"Fish, tilapia, raw","Fish, cisco, raw",98.0,19.0,1.91,0.0,0.0,0.0,55.0
"Fish, tilapia, raw","Fish, cusk, raw",87.0,19.0,0.69,0.0,0.0,0.0,31.0
"Fish, tilapia, raw","Fish, haddock, raw",74.0,16.3,0.45,0.0,0.0,0.0,213.0
"Fish, tilapia, raw","Fish, haddock, raw",74.0,16.3,0.45,0.0,0.0,0.0,213.0
"Fish, tilapia, raw","Fish, ling, raw",87.0,19.0,0.64,0.0,0.0,0.0,135.0
"Fish, tilapia, raw","Fish, lingcod, raw",85.0,17.7,1.06,0.0,0.0,0.0,59.0
"Fish, tilapia, raw","Fish, mahimahi, raw",85.0,18.5,0.7,0.0,0.0,0.0,88.0
"Fish, tilapia, raw","Fish, milkfish, raw",148.0,20.5,6.73,0.0,0.0,0.0,72.0
"Fish, tilapia, raw","Fish, monkfish, raw",76.0,14.5,1.52,0.0,0.0,0.0,18.0
"Fish, tilapia, raw","Fish, pollock, raw",56.0,12.3,0.41,0.0,0.0,0.0,333.0
"Fish, tilapia, raw","Fish, sablefish, raw",195.0,13.4,15.3,0.0,0.0,0.0,56.0
"Fish, tilapia, raw","Fish, scup, raw",105.0,18.9,2.73,0.0,0.0,0.0,42.0
"Fish, tilapia, raw","Fish, sheepshead, raw",108.0,20.2,2.41,0.0,0.0,0.0,71.0
"Fish, tilapia, raw","Fish, spot, raw",123.0,18.5,4.9,0.0,0.0,0.0,29.0
"Fish, tilapia, raw","Fish, swordfish, raw",144.0,19.7,6.65,0.0,0.0,0.0,81.0
"Fish, tilapia, raw","Fish, tilefish, raw",96.0,17.5,2.31,0.0,0.0,0.0,53.0
"Fish, tilapia, raw","Fish, anchovy, european, raw",131.0,20.4,4.84,0.0,0.0,0.0,104.0
"Fish, tilapia, raw","Fish, bass, striped, raw",97.0,17.7,2.33,0.0,0.0,0.0,69.0
"Fish, tilapia, raw","Fish, cod, Atlantic, raw",82.0,17.8,0.67,0.0,0.0,0.0,54.0
"Fish, tilapia, raw","Fish, croaker, Atlantic, raw",104.0,17.8,3.17,0.0,0.0,0.0,56.0
"Fish, tilapia, raw","Fish, drum, freshwater, raw",119.0,17.5,4.93,0.0,0.0,0.0,75.0
"Fish, tilapia, raw","Fish, halibut, Greenland, raw",186.0,14.4,13.8,0.0,0.0,0.0,80.0
"Fish, tilapia, raw","Fish, herring, Atlantic, raw",158.0,18.0,9.04,0.0,0.0,0.0,90.0
"Fish, tilapia, raw","Fish, herring, Pacific, raw",195.0,16.4,13.9,0.0,0.0,0.0,74.0
"Fish, tilapia, raw","Fish, mackerel, Atlantic, raw",205.0,18.6,13.9,0.0,0.0,0.0,90.0
"Fish, tilapia, raw","Fish, mackerel, king, raw",105.0,20.3,2.0,0.0,0.0,0.0,158.0
"Fish, tilapia, raw","Fish, mackerel, spanish, raw",139.0,19.3,6.3,0.0,0.0,0.0,59.0
"Fish, tilapia, raw","Fish, mullet, striped, raw",117.0,19.4,3.79,0.0,0.0,0.0,65.0
"Fish, tilapia, raw","Fish, pike, northern, raw",88.0,19.3,0.69,0.0,0.0,0.0,39.0
"Fish, tilapia, raw","Fish, pike, walleye, raw",93.0,19.1,1.22,0.0,0.0,0.0,51.0
"Fish, tilapia, raw","Fish, pollock, Alaska, raw",76.0,17.2,0.82,0.0,0.0,0.0,159.0
"Fish, tilapia, raw","Fish, pollock, Atlantic, raw",92.0,19.4,0.98,0.0,0.0,0.0,86.0
"Fish, tilapia, raw","Fish, pompano, florida, raw",164.0,18.5,9.47,0.0,0.0,0.0,65.0
"Fish, tilapia, raw","Fish, pout, ocean, raw",79.0,16.6,0.91,0.0,0.0,0.0,61.0
"Fish, tilapia, raw","Fish, roughy, orange, raw",76.0,16.4,0.7,0.0,0.0,0.0,72.0
"Fish, tilapia, raw","Fish, salmon, chinook, raw",179.0,19.9,10.4,0.0,0.0,0.0,47.0
"Fish, tilapia, raw","Fish, salmon, chum, raw",120.0,20.1,3.77,0.0,0.0,0.0,50.0
"Fish, tilapia, raw","Fish, salmon, pink, raw",127.0,20.5,4.4,0.0,0.0,0.0,75.0
"Fish, tilapia, raw","Fish, salmon, sockeye, raw",131.0,22.2,4.69,0.0,0.0,0.0,78.0
"Fish, tilapia, raw","Fish, shad, american, raw",197.0,16.9,13.8,0.0,0.0,0.0,51.0
"Fish, tilapia, raw","Fish, smelt, rainbow, raw",97.0,17.6,2.42,0.0,0.0,0.0,60.0
"Fish, tilapia, raw","Fish, sucker, white, raw",92.0,16.8,2.32,0.0,0.0,0.0,40.0
"Fish, tilapia, raw","Fish, turbot, european, raw",95.0,16.0,2.95,0.0,0.0,0.0,150.0
"Squid, raw","Mollusks, squid, mixed species, raw",92.0,15.6,1.38,3.08,0.0,0.0,44.0
"Squid, raw","Mollusks, squid, mixed species, cooked, fried",175.0,17.9,7.48,7.79,0.0,0.0,306.0
"Squid, raw","Abiyuch, raw",69.0,1.5,0.1,17.6,5.3,8.55,20.0
"Squid, raw","Apricots, raw",48.0,1.4,0.39,11.1,2.0,9.24,1.0
"Squid, raw","Arrowhead, raw",99.0,5.33,0.29,20.2,0.0,0.0,22.0
"Squid, raw","Arrowroot, raw",65.0,4.24,0.2,13.4,1.3,0.0,26.0
"Squid, raw","Arugula, raw",25.0,2.58,0.66,3.65,1.6,2.05,27.0
"Squid, raw","Asparagus, raw",20.0,2.2,0.12,3.88,2.1,1.88,2.0
"Squid, raw","Bananas, raw",89.0,1.09,0.33,22.8,2.6,12.2,1.0
"Squid, raw","Beets, raw",0.0,1.69,0.302,8.79,3.12,0.0,112.0
"Squid, raw","Beets, raw",43.0,1.61,0.17,9.56,2.8,6.76,78.0
"Squid, raw","Blackberries, raw",43.0,1.39,0.49,9.61,5.3,4.88,1.0
"Squid, raw","Blackberries, raw",0.0,1.53,0.0,0.0,0.0,0.0,1.55
"Squid, raw","Blueberries, raw",0.0,0.703,0.306,14.6,0.0,0.0,0.0
"Squid, raw","Blueberries, raw",57.0,0.74,0.33,14.5,2.4,9.96,1.0
"Squid, raw","Borage, raw",21.0,1.8,0.7,3.06,0.0,0.0,80.0
"Squid, raw","Breadfruit, raw",103.0,1.07,0.23,27.1,4.9,11.0,2.0
"Squid, raw","Broccoli, raw",31.0,2.57,0.34,6.27,2.4,0.0,36.0
"Squid, raw","Broccoli, raw",34.0,2.82,0.37,6.64,2.6,1.7,33.0
"Squid, raw","Cabbage, raw",25.0,1.28,0.1,5.8,2.5,3.2,18.0
"Squid, raw","Cardoon, raw",17.0,0.7,0.1,4.07,1.6,0.0,170.0
"Squid, raw","Carrots, raw",41.0,0.93,0.24,9.58,2.8,4.74,69.0
"Squid, raw","Cassava, raw",160.0,1.36,0.28,38.1,1.8,1.7,14.0
"Squid, raw","Cauliflower, raw",0.0,1.64,0.238,4.72,1.95,0.0,20.0
"Squid, raw","Cauliflower, raw",25.0,1.92,0.28,4.97,2.0,1.91,30.0
"Squid, raw","Celeriac, raw",42.0,1.5,0.3,9.2,1.8,1.6,100.0
"Squid, raw","Celery, raw",0.0,0.492,0.162,3.32,0.0,0.0,97.2
"Squid, raw","Celery, raw",14.0,0.69,0.17,2.97,1.6,1.34,80.0
"Squid, raw","Celtuce, raw",18.0,0.85,0.3,3.65,1.7,0.0,11.0
"Squid, raw","Cherimoya, raw",75.0,1.57,0.68,17.7,3.0,12.9,7.0
"Squid, raw","Chives, raw",30.0,3.27,0.73,4.35,2.5,1.85,3.0
"Squid, raw","Clementines, raw",47.0,0.85,0.15,12.0,1.7,9.18,1.0
"Squid, raw","Collards, raw",32.0,3.02,0.61,5.42,4.0,0.46,17.0
"Squid, raw","Collards, raw",0.0,2.97,0.77,7.02,3.82,0.0,18.4
"Squid, raw","Cornsalad, raw",21.0,2.0,0.4,3.6,0.0,0.0,4.0
"Squid, raw","Crabapples, raw",76.0,0.4,0.3,20.0,0.0,0.0,1.0
"Squid, raw","Cranberries, raw",46.0,0.46,0.13,12.0,3.6,4.27,2.0
"Squid, raw","Dock, raw",22.0,2.0,0.7,3.2,2.9,0.0,4.0
"Squid, raw","Eggplant, raw",25.0,0.98,0.18,5.88,3.0,3.53,2.0
"Squid, raw","Eggplant, raw",0.0,0.852,0.12,5.4,2.45,0.0,0.442
"Squid, raw","Elderberries, raw",73.0,0.66,0.5,18.4,7.0,0.0,6.0
"Squid, raw","Endive, raw",17.0,1.25,0.2,3.35,3.1,0.25,22.0
"Squid, raw","Epazote, raw",32.0,0.33,0.52,7.44,3.8,0.0,43.0
"Squid, raw","Eppaw, raw",150.0,4.6,1.8,31.7,0.0,0.0,12.0
"Squid, raw","Feijoa, raw",61.0,0.71,0.42,15.2,6.4,8.2,3.0
"Squid, raw","Figs, raw",74.0,0.75,0.3,19.2,2.9,16.3,1.0
"Squid, raw","Garlic, raw",143.0,6.62,0.38,28.2,2.7,0.0,0.0
"Squid, raw","Garlic, raw",149.0,6.36,0.5,33.1,2.1,1.0,17.0
"Squid, raw","Gooseberries, raw",44.0,0.88,0.58,10.2,4.3,0.0,1.0
"Squid, raw","Jackfruit, raw",95.0,1.72,0.64,23.2,1.5,19.1,2.0
"Mussels, raw","Mollusks, mussel, blue, raw",86.0,11.9,2.24,3.69,0.0,0.0,286.0
"Mussels, raw","Mollusks, mussel, blue, cooked, moist heat",172.0,23.8,4.48,7.39,0.0,0.0,369.0
"Mussels, raw","Abiyuch, raw",69.0,1.5,0.1,17.6,5.3,8.55,20.0
"Mussels, raw","Apricots, raw",48.0,1.4,0.39,11.1,2.0,9.24,1.0
"Mussels, raw","Arrowhead, raw",99.0,5.33,0.29,20.2,0.0,0.0,22.0
"Mussels, raw","Arrowroot, raw",65.0,4.24,0.2,13.4,1.3,0.0,26.0
"Mussels, raw","Arugula, raw",25.0,2.58,0.66,3.65,1.6,2.05,27.0
"Mussels, raw","Asparagus, raw",20.0,2.2,0.12,3.88,2.1,1.88,2.0
"Mussels, raw","Bananas, raw",89.0,1.09,0.33,22.8,2.6,12.2,1.0
"Mussels, raw","Beets, raw",0.0,1.69,0.302,8.79,3.12,0.0,112.0
"Mussels, raw","Beets, raw",43.0,1.61,0.17,9.56,2.8,6.76,78.0
"Mussels, raw","Blackberries, raw",43.0,1.39,0.49,9.61,5.3,4.88,1.0
"Mussels, raw","Blackberries, raw",0.0,1.53,0.0,0.0,0.0,0.0,1.55
"Mussels, raw","Blueberries, raw",0.0,0.703,0.306,14.6,0.0,0.0,0.0
"Mussels, raw","Blueberries, raw",57.0,0.74,0.33,14.5,2.4,9.96,1.0
"Mussels, raw","Borage, raw",21.0,1.8,0.7,3.06,0.0,0.0,80.0
"Mussels, raw","Breadfruit, raw",103.0,1.07,0.23,27.1,4.9,11.0,2.0
"Mussels, raw","Broccoli, raw",31.0,2.57,0.34,6.27,2.4,0.0,36.0
"Mussels, raw","Broccoli, raw",34.0,2.82,0.37,6.64,2.6,1.7,33.0
"Mussels, raw","Cabbage, raw",25.0,1.28,0.1,5.8,2.5,3.2,18.0
"Mussels, raw","Cardoon, raw",17.0,0.7,0.1,4.07,1.6,0.0,170.0
"Mussels, raw","Carrots, raw",41.0,0.93,0.24,9.58,2.8,4.74,69.0
"Mussels, raw","Cassava, raw",160.0,1.36,0.28,38.1,1.8,1.7,14.0
"Mussels, raw","Cauliflower, raw",0.0,1.64,0.238,4.72,1.95,0.0,20.0
"Mussels, raw","Cauliflower, raw",25.0,1.92,0.28,4.97,2.0,1.91,30.0
"Mussels, raw","Celeriac, raw",42.0,1.5,0.3,9.2,1.8,1.6,100.0
"Mussels, raw","Celery, raw",0.0,0.492,0.162,3.32,0.0,0.0,97.2
"Mussels, raw","Celery, raw",14.0,0.69,0.17,2.97,1.6,1.34,80.0
"Mussels, raw","Celtuce, raw",18.0,0.85,0.3,3.65,1.7,0.0,11.0
"Mussels, raw","Cherimoya, raw",75.0,1.57,0.68,17.7,3.0,12.9,7.0
"Mussels, raw","Chives, raw",30.0,3.27,0.73,4.35,2.5,1.85,3.0
"Mussels, raw","Clementines, raw",47.0,0.85,0.15,12.0,1.7,9.18,1.0
"Mussels, raw","Collards, raw",32.0,3.02,0.61,5.42,4.0,0.46,17.0
"Mussels, raw","Collards, raw",0.0,2.97,0.77,7.02,3.82,0.0,18.4
"Mussels, raw","Cornsalad, raw",21.0,2.0,0.4,3.6,0.0,0.0,4.0
"Mussels, raw","Crabapples, raw",76.0,0.4,0.3,20.0,0.0,0.0,1.0
"Mussels, raw","Cranberries, raw",46.0,0.46,0.13,12.0,3.6,4.27,2.0
"Mussels, raw","Dock, raw",22.0,2.0,0.7,3.2,2.9,0.0,4.0
"Mussels, raw","Eggplant, raw",25.0,0.98,0.18,5.88,3.0,3.53,2.0
"Mussels, raw","Eggplant, raw",0.0,0.852,0.12,5.4,2.45,0.0,0.442
"Mussels, raw","Elderberries, raw",73.0,0.66,0.5,18.4,7.0,0.0,6.0
"Mussels, raw","Endive, raw",17.0,1.25,0.2,3.35,3.1,0.25,22.0
"Mussels, raw","Epazote, raw",32.0,0.33,0.52,7.44,3.8,0.0,43.0
"Mussels, raw","Eppaw, raw",150.0,4.6,1.8,31.7,0.0,0.0,12.0
"Mussels, raw","Feijoa, raw",61.0,0.71,0.42,15.2,6.4,8.2,3.0
"Mussels, raw","Figs, raw",74.0,0.75,0.3,19.2,2.9,16.3,1.0
"Mussels, raw","Garlic, raw",143.0,6.62,0.38,28.2,2.7,0.0,0.0
"Mussels, raw","Garlic, raw",149.0,6.36,0.5,33.1,2.1,1.0,17.0
"Mussels, raw","Gooseberries, raw",44.0,0.88,0.58,10.2,4.3,0.0,1.0
"Mussels, raw","Jackfruit, raw",95.0,1.72,0.64,23.2,1.5,19.1,2.0
"Crab meat, canned","Crustaceans, crab, blue, canned",83.0,17.9,0.74,0.0,0.0,0.0,563.0
"Crab meat, canned","Luncheon meat, pork, canned",334.0,12.5,30.3,2.1,0.0,0.0,1290.0
"Crab meat, canned","Chicken, canned, meat only, with broth",165.0,21.8,7.95,0.0,0.0,0.0,503.0
"Crab meat, canned","Pasta with tomato sauce, no meat, canned",71.0,2.22,0.71,13.9,0.9,4.0,381.0
"Crab meat, canned","Turkey, canned, meat only, with broth",169.0,23.7,6.86,1.47,0.0,0.0,518.0
"Crab meat, canned","Ravioli, meat-filled, with tomato sauce or meat sauce, canned",97.0,3.24,3.41,13.3,1.5,1.97,283.0
"Crab meat, canned","Nuts, coconut meat, dried (desiccated), sweetened, flaked, canned",443.0,3.35,31.7,40.9,4.5,0.0,20.0
"Crab meat, canned","Crustaceans, crab, blue, crab cakes, home recipe",155.0,20.2,7.52,0.48,0.0,0.0,330.0
"Crab meat, canned","Luncheon meat, pork and chicken, minced, canned, includes Spam Lite",196.0,15.2,13.9,1.35,0.0,1.26,1030.0
"Crab meat, canned","Luncheon meat, pork with ham, minced, canned, includes Spam (Hormel)",315.0,13.4,26.6,4.6,0.0,0.0,1410.0
"Crab meat, canned","Nuts, coconut milk, canned (liquid expressed from grated meat and water)",197.0,2.02,21.3,2.81,0.0,0.0,13.0
"Crab meat, canned","Butterbur, canned",3.0,0.11,0.13,0.38,0.0,0.0,4.0
"Crab meat, canned","Capers, canned",23.0,2.36,0.86,4.89,3.2,0.41,2350.0
"Crab meat, canned","Pimento, canned",23.0,1.1,0.3,5.1,1.9,2.71,14.0
"Crab meat, canned","Salmon, sockeye, canned, total can contents",153.0,20.6,7.17,0.0,0.0,0.0,433.0
"Crab meat, canned","Crustaceans, crab, blue, raw",87.0,18.1,1.08,0.04,0.0,0.0,293.0
"Crab meat, canned","Crustaceans, crab, dungeness, raw",86.0,17.4,0.97,0.74,0.0,0.0,295.0
"Crab meat, canned","Crustaceans, crab, queen, raw",90.0,18.5,1.18,0.0,0.0,0.0,539.0
"Crab meat, canned","Fish, salmon, pink, canned, total can contents",129.0,19.7,4.97,0.0,0.0,0.0,403.0
"Crab meat, canned","Blackberry juice, canned",38.0,0.3,0.6,7.8,0.1,7.7,1.0
"Crab meat, canned","Carrot juice, canned",40.0,0.95,0.15,9.28,0.8,3.91,66.0
"Crab meat, canned","Chicken, canned, no broth",185.0,25.3,8.1,0.9,0.0,0.0,482.0
"Crab meat, canned","Chili with beans, canned",103.0,6.12,3.76,13.2,3.3,1.65,423.0
"Crab meat, canned","Grape leaves, canned",69.0,4.27,1.97,11.7,9.9,0.0,2850.0
"Crab meat, canned","Gravy, mushroom, canned",50.0,1.26,2.71,5.47,0.4,0.0,570.0
"Crab meat, canned","Guanabana nectar, canned",59.0,0.11,0.17,14.9,0.1,13.1,8.0
"Crab meat, canned","Ham, chopped, canned",239.0,16.1,18.8,0.26,0.0,0.0,1280.0
"Crab meat, canned","Ham, chopped, not canned",221.0,16.5,16.7,0.0,0.0,5.0,1190.0
"Crab meat, canned","Hearts of palm, canned",28.0,2.52,0.62,4.62,2.4,0.0,426.0
"Crab meat, canned","Hominy, canned, white",72.0,1.48,0.88,14.3,2.5,1.51,267.0
"Crab meat, canned","Hominy, canned, yellow",72.0,1.48,0.88,14.3,2.5,0.0,345.0
"Crab meat, canned","Mango nectar, canned",51.0,0.11,0.06,13.1,0.3,12.4,5.0
"Crab meat, canned","Papaya nectar, canned",57.0,0.17,0.15,14.5,0.6,13.9,5.0
"Crab meat, canned","Prune juice, canned",71.0,0.61,0.03,17.4,1.0,16.4,4.0
"Crab meat, canned","Pumpkin, canned, with salt",34.0,1.1,0.28,8.09,2.9,3.3,241.0
"Crab meat, canned","Tamarind nectar, canned",57.0,0.09,0.12,14.7,0.5,12.7,7.0
"Crab meat, canned","Tomato, puree, canned",0.0,1.58,0.265,8.04,1.97,0.0,29.4
"Crab meat, canned","Tomatoes, crushed, canned",32.0,1.64,0.28,7.29,1.9,4.4,186.0
"Crab meat, canned","Tomatoes, crushed, canned",0.0,1.44,0.398,7.14,1.94,0.0,140.0
"Crab meat, canned","Crustaceans, crab, alaska king, raw",84.0,18.3,0.6,0.0,0.0,0.0,836.0
"Crab meat, canned","Babyfood, meat, meat sticks, junior",184.0,13.4,14.6,1.1,0.2,0.8,267.0
"Crab meat, canned","Crustaceans, crab, blue, cooked, moist heat",83.0,17.9,0.74,0.0,0.0,0.0,395.0
"Crab meat, canned","Crustaceans, crab, dungeness, cooked, moist heat",110.0,22.3,1.24,0.95,0.0,0.0,378.0
"Crab meat, canned","Crustaceans, crab, queen, cooked, moist heat",115.0,23.7,1.51,0.0,0.0,0.0,691.0
"Crab meat, canned","Alcoholic beverage, daiquiri, canned",125.0,0.0,0.0,15.7,0.0,0.0,40.0
"Crab meat, canned","Applesauce, canned, sweetened, with salt",76.0,0.18,0.18,19.9,1.2,0.0,28.0
"Crab meat, canned","Asparagus, canned, drained solids",19.0,2.14,0.65,2.46,1.6,1.06,287.0
"Crab meat, canned","Beans, baked, canned, with beef",121.0,6.38,3.45,16.9,0.0,0.0,475.0
"Crab meat, canned","Beans, baked, canned, with franks",142.0,6.75,6.57,15.4,6.9,6.53,430.0
"Crab meat, canned","Beans, baked, canned, with pork",106.0,5.19,1.55,20.0,5.5,0.0,414.0
Dried shrimp,"Litchis, dried",277.0,3.8,1.2,70.7,4.6,66.1,3.0
Dried shrimp,"Longans, dried",286.0,4.9,0.4,74.0,0.0,0.0,48.0
Dried shrimp,"Pepeao, dried",298.0,4.82,0.44,81.0,0.0,0.0,70.0
Dried shrimp,"Spearmint, dried",285.0,19.9,6.03,52.0,29.8,0.0,344.0
Dried shrimp,"Crustaceans, shrimp, cooked",99.0,24.0,0.28,0.2,0.0,0.0,111.0
Dried shrimp,"Crustaceans, shrimp, raw",85.0,20.1,0.51,0.0,0.0,0.0,119.0
Dried shrimp,"Snacks, shrimp cracker",426.0,7.14,17.9,59.1,5.6,21.4,571.0
Dried shrimp,"Agave, dried (Southwest)",341.0,1.71,0.69,82.0,15.6,50.7,14.0
Dried shrimp,"Beef, cured, dried",153.0,31.1,1.94,2.76,0.0,2.7,2790.0
Dried shrimp,"Blueberries, dried, sweetened",317.0,2.5,2.5,80.0,7.5,67.5,3.0
Dried shrimp,"Chives, freeze-dried",311.0,21.2,3.5,64.3,26.2,0.0,70.0
Dried shrimp,"Corn, dried (Navajo)",386.0,9.88,5.22,74.9,0.0,5.38,13.0
Dried shrimp,"Currants, zante, dried",290.0,3.43,0.22,77.0,4.4,62.3,43.0
Dried shrimp,"Egg, white, dried",376.0,79.9,0.65,6.02,0.0,0.0,1250.0
Dried shrimp,"Egg, white, dried",382.0,81.1,0.0,7.8,0.0,5.4,1280.0
Dried shrimp,"Egg, whole, dried",592.0,48.0,43.9,1.13,0.0,0.56,476.0
Dried shrimp,"Egg, whole, dried",575.0,48.1,39.8,1.87,0.0,0.0,485.0
Dried shrimp,"Egg, yolk, dried",669.0,33.6,59.1,0.66,0.0,0.23,149.0
Dried shrimp,"Egg, yolk, dried",654.0,34.2,55.5,1.07,0.0,0.0,149.0
Dried shrimp,"Figs, dried, stewed",107.0,1.42,0.4,27.6,4.2,23.4,4.0
Dried shrimp,"Figs, dried, uncooked",249.0,3.3,0.92,63.9,9.8,0.0,10.0
Dried shrimp,"Figs, dried, uncooked",249.0,3.3,0.93,63.9,9.8,47.9,10.0
Dried shrimp,"Goji berries, dried",349.0,14.3,0.39,77.1,13.0,45.6,298.0
Dried shrimp,"Jellyfish, dried, salted",36.0,5.5,1.4,0.0,0.0,0.0,9690.0
Dried shrimp,"Mango, dried, sweetened",319.0,2.45,1.18,78.6,2.4,66.3,162.0
Dried shrimp,"Milk, buttermilk, dried",387.0,34.3,5.78,49.0,0.0,49.0,517.0
Dried shrimp,"Mushrooms, shiitake, dried",296.0,9.58,0.99,75.4,11.5,2.21,13.0
Dried shrimp,"Nuts, acorns, dried",509.0,8.1,31.4,53.7,0.0,0.0,0.0
Dried shrimp,"Nuts, beechnuts, dried",576.0,6.2,50.0,33.5,0.0,0.0,38.0
Dried shrimp,"Nuts, butternuts, dried",612.0,24.9,57.0,12.0,4.7,0.0,1.0
Dried shrimp,"Nuts, hickorynuts, dried",657.0,12.7,64.4,18.2,6.4,0.0,1.0
Dried shrimp,"Nuts, pilinuts, dried",719.0,10.8,79.6,3.98,0.0,0.0,3.0
Dried shrimp,"Parsley, freeze-dried",271.0,31.3,5.2,42.4,32.7,0.0,391.0
Dried shrimp,"Peppers, ancho, dried",281.0,11.9,8.2,51.4,21.6,0.0,43.0
Dried shrimp,"Peppers, pasilla, dried",345.0,12.4,15.8,51.1,26.8,0.0,89.0
Dried shrimp,"Persimmons, japanese, dried",274.0,1.38,0.59,73.4,14.5,0.0,2.0
Dried shrimp,"Radishes, oriental, dried",271.0,7.9,0.72,63.4,23.9,37.3,278.0
Dried shrimp,"Seaweed, agar, dried",306.0,6.21,0.3,80.9,7.7,2.97,102.0
Dried shrimp,"Seaweed, spirulina, dried",290.0,57.5,7.72,23.9,3.6,3.1,1050.0
Dried shrimp,"Shallots, freeze-dried",348.0,12.3,0.5,80.7,15.7,38.2,59.0
Dried shrimp,"Spices, basil, dried",233.0,23.0,4.07,47.8,37.7,1.71,76.0
Dried shrimp,"Spices, chervil, dried",237.0,23.2,3.9,49.1,11.3,0.0,83.0
Dried shrimp,"Spices, marjoram, dried",271.0,12.7,7.04,60.6,40.3,4.09,77.0
Dried shrimp,"Spices, oregano, dried",265.0,9.0,4.28,68.9,42.5,4.09,25.0
Dried shrimp,"Spices, parsley, dried",292.0,26.6,5.48,50.6,26.7,7.27,452.0
Dried shrimp,"Spices, rosemary, dried",331.0,4.88,15.2,64.1,42.6,0.0,50.0
Dried shrimp,"Spices, tarragon, dried",295.0,22.8,7.24,50.2,7.4,0.0,62.0
Dried shrimp,"Spices, thyme, dried",276.0,9.11,7.43,63.9,37.0,1.71,55.0
Dried shrimp,"Tomatoes, sun-dried",258.0,14.1,2.97,55.8,12.3,37.6,107.0
Dried shrimp,"Whey, acid, dried",339.0,11.7,0.54,73.4,0.0,73.4,968.0
Holy basil,"Basil, fresh",23.0,3.15,0.64,2.65,1.6,0.3,4.0
Holy basil,"Spices, basil, dried",233.0,23.0,4.07,47.8,37.7,1.71,76.0
Holy basil,"Sauce, pesto, CLASSICO, basil pesto, ready-to-serve",372.0,4.16,36.4,6.93,2.1,2.6,1030.0
Holy basil,"Sauce, pesto, BUITONI, pesto with basil, ready-to-serve, refrigerated",418.0,9.83,37.6,10.1,1.8,6.33,603.0
Holy basil,"Sauce, pesto, MEZZETTA, NAPA VALLEY BISTRO, basil pesto, ready-to-serve",496.0,6.69,49.9,5.12,1.3,1.25,897.0
Sweet basil,"Basil, fresh",23.0,3.15,0.64,2.65,1.6,0.3,4.0
Sweet basil,"Spices, basil, dried",233.0,23.0,4.07,47.8,37.7,1.71,76.0
Sweet basil,"Sauce, pesto, CLASSICO, basil pesto, ready-to-serve",372.0,4.16,36.4,6.93,2.1,2.6,1030.0
Sweet basil,"Sauce, pesto, BUITONI, pesto with basil, ready-to-serve, refrigerated",418.0,9.83,37.6,10.1,1.8,6.33,603.0
Sweet basil,"Candies, sweet chocolate",507.0,3.9,34.2,60.4,5.5,51.5,16.0
Sweet basil,"Cherries, sweet, raw",63.0,1.06,0.2,16.0,2.1,12.8,0.0
Sweet basil,"Onions, sweet, raw",32.0,0.8,0.08,7.55,0.9,5.02,8.0
Sweet basil,"Pickle relish, sweet",130.0,0.37,0.47,35.1,1.1,29.1,811.0
Sweet basil,"Rolls, dinner, sweet",321.0,10.0,7.37,53.6,3.1,15.4,253.0
Sweet basil,"Sweet rolls, cheese",360.0,7.1,18.3,43.7,1.2,0.0,357.0
Sweet basil,"Whey, sweet, dried",353.0,12.9,1.07,74.5,0.0,74.5,1080.0
Sweet basil,"Whey, sweet, fluid",27.0,0.85,0.36,5.14,0.0,5.14,54.0
Sweet basil,"Corn, sweet, white, raw",86.0,3.22,1.18,19.0,2.7,3.22,15.0
Sweet basil,"Corn, sweet, yellow, raw",86.0,3.27,1.35,18.7,2.0,6.26,15.0
Sweet basil,"Peppers, sweet, green, raw",20.0,0.86,0.17,4.64,1.7,2.4,3.0
Sweet basil,"Peppers, sweet, green, sauteed",116.0,0.78,11.8,4.22,1.8,2.17,17.0
Sweet basil,"Peppers, sweet, red, raw",26.0,0.99,0.3,6.03,2.1,4.2,4.0
Sweet basil,"Peppers, sweet, red, sauteed",133.0,1.04,12.8,6.57,1.8,4.28,21.0
Sweet basil,"Peppers, sweet, yellow, raw",27.0,1.0,0.21,6.32,0.9,0.0,2.0
Sweet basil,"Salad dressing, sweet and sour",15.0,0.1,0.0,3.7,0.0,3.7,208.0
Sweet basil,"Sausage, Italian, sweet, links",149.0,16.1,8.42,2.1,0.0,0.0,570.0
Sweet basil,"Sweet potato leaves, raw",42.0,2.49,0.51,8.82,5.3,0.0,6.0
Sweet basil,"Sweet potato, canned, mashed",101.0,1.98,0.2,23.2,1.7,5.45,75.0
Sweet basil,"Sauce, pesto, MEZZETTA, NAPA VALLEY BISTRO, basil pesto, ready-to-serve",496.0,6.69,49.9,5.12,1.3,1.25,897.0
Sweet basil,"Candies, sweet chocolate coated fondant",366.0,2.2,9.3,80.4,2.1,71.4,26.0
Sweet basil,"Alcoholic beverage, wine, dessert, sweet",160.0,0.2,0.0,13.7,0.0,7.78,9.0
Sweet basil,"Babyfood, corn and sweet potatoes, strained",68.0,1.26,0.28,15.2,1.8,4.0,14.0
Sweet basil,"Babyfood, juice, apple-sweet potato",47.0,0.3,0.1,11.4,0.5,9.6,5.0
Sweet basil,"Babyfood, vegetables, sweet potatoes strained",57.0,1.1,0.1,13.2,1.5,4.05,22.0
Sweet basil,"Babyfood, vegetables, sweet potatoes, junior",60.0,1.1,0.1,14.0,1.5,4.24,18.0
Sweet basil,"Cherries, sweet, dark red, raw",0.0,1.04,0.192,16.2,0.0,0.0,0.0
Sweet basil,"Fish, gefiltefish, commercial, sweet recipe",84.0,9.07,1.73,7.41,0.0,0.0,524.0
Sweet basil,"Peppers, sweet, red, freeze-dried",314.0,17.9,3.0,68.7,21.3,40.8,193.0
Sweet basil,"Pineapple, raw, extra sweet variety",51.0,0.53,0.11,13.5,1.4,10.3,1.0
Sweet basil,"Restaurant, Chinese, sweet and sour chicken",250.0,10.1,12.6,23.9,1.0,11.5,246.0
Sweet basil,"Restaurant, Chinese, sweet and sour pork",260.0,8.88,13.6,25.5,1.0,0.0,304.0
Sweet basil,"Restaurant, Chinese, sweet and sour pork",270.0,8.91,15.7,23.3,1.0,10.3,304.0
Sweet basil,"Sauce, sweet and sour, ready-to-serve",154.0,0.27,0.02,38.2,0.1,18.8,539.0
Sweet basil,"Snacks, sweet potato chips, unsalted",532.0,2.94,32.4,56.8,8.8,8.82,35.0
Sweet basil,"Sweet Potato puffs, frozen, unprepared",161.0,1.36,3.58,30.7,1.9,7.65,250.0
Sweet basil,"Sweet potato, canned, vacuum pack",91.0,1.65,0.2,21.1,1.8,5.0,53.0
Sweet basil,"SUBWAY, sweet onion chicken teriyaki sub on white bread with lettuce, tomato and sweet onion sauce",155.0,10.9,2.37,22.5,1.2,6.06,305.0
Sweet basil,"Babyfood, dinner, sweet potatoes and chicken, strained",74.0,2.51,2.17,11.0,1.3,2.65,22.0
Sweet basil,"Babyfood, fruit and vegetable, apple and sweet potato",64.0,0.3,0.22,15.3,1.4,11.6,3.0
Sweet basil,"Beans, baked, canned, with pork and sweet sauce",105.0,4.52,0.89,21.6,4.4,8.23,391.0
Sweet basil,"Bread, pan dulce, sweet yeast bread",367.0,9.42,11.6,56.4,2.3,12.5,228.0
Sweet basil,"Bread, salvadoran sweet cheese (quesadilla salvadorena)",374.0,7.12,17.1,47.8,0.7,24.9,510.0
Sweet basil,"Peppers, sweet, green, canned, solids and liquids",18.0,0.8,0.3,3.9,1.2,0.0,1370.0
Sweet basil,"Peppers, sweet, green, frozen, chopped, unprepared",20.0,1.08,0.21,4.45,1.6,0.0,5.0
Sweet basil,"Peppers, sweet, red, canned, solids and liquids",18.0,0.8,0.3,3.9,1.2,0.0,1370.0
"Galangal, raw","Abiyuch, raw",69.0,1.5,0.1,17.6,5.3,8.55,20.0
"Galangal, raw","Apricots, raw",48.0,1.4,0.39,11.1,2.0,9.24,1.0
"Galangal, raw","Arrowhead, raw",99.0,5.33,0.29,20.2,0.0,0.0,22.0
"Galangal, raw","Arrowroot, raw",65.0,4.24,0.2,13.4,1.3,0.0,26.0
"Galangal, raw","Arugula, raw",25.0,2.58,0.66,3.65,1.6,2.05,27.0
"Galangal, raw","Asparagus, raw",20.0,2.2,0.12,3.88,2.1,1.88,2.0
"Galangal, raw","Bananas, raw",89.0,1.09,0.33,22.8,2.6,12.2,1.0
"Galangal, raw","Beets, raw",0.0,1.69,0.302,8.79,3.12,0.0,112.0
"Galangal, raw","Beets, raw",43.0,1.61,0.17,9.56,2.8,6.76,78.0
"Galangal, raw","Blackberries, raw",43.0,1.39,0.49,9.61,5.3,4.88,1.0
"Galangal, raw","Blackberries, raw",0.0,1.53,0.0,0.0,0.0,0.0,1.55
"Galangal, raw","Blueberries, raw",0.0,0.703,0.306,14.6,0.0,0.0,0.0
"Galangal, raw","Blueberries, raw",57.0,0.74,0.33,14.5,2.4,9.96,1.0
"Galangal, raw","Borage, raw",21.0,1.8,0.7,3.06,0.0,0.0,80.0
"Galangal, raw","Breadfruit, raw",103.0,1.07,0.23,27.1,4.9,11.0,2.0
"Galangal, raw","Broccoli, raw",31.0,2.57,0.34,6.27,2.4,0.0,36.0
"Galangal, raw","Broccoli, raw",34.0,2.82,0.37,6.64,2.6,1.7,33.0
"Galangal, raw","Cabbage, raw",25.0,1.28,0.1,5.8,2.5,3.2,18.0
"Galangal, raw","Cardoon, raw",17.0,0.7,0.1,4.07,1.6,0.0,170.0
"Galangal, raw","Carrots, raw",41.0,0.93,0.24,9.58,2.8,4.74,69.0
"Galangal, raw","Cassava, raw",160.0,1.36,0.28,38.1,1.8,1.7,14.0
"Galangal, raw","Cauliflower, raw",0.0,1.64,0.238,4.72,1.95,0.0,20.0
"Galangal, raw","Cauliflower, raw",25.0,1.92,0.28,4.97,2.0,1.91,30.0
"Galangal, raw","Celeriac, raw",42.0,1.5,0.3,9.2,1.8,1.6,100.0
"Galangal, raw","Celery, raw",0.0,0.492,0.162,3.32,0.0,0.0,97.2
"Galangal, raw","Celery, raw",14.0,0.69,0.17,2.97,1.6,1.34,80.0
"Galangal, raw","Celtuce, raw",18.0,0.85,0.3,3.65,1.7,0.0,11.0
"Galangal, raw","Cherimoya, raw",75.0,1.57,0.68,17.7,3.0,12.9,7.0
"Galangal, raw","Chives, raw",30.0,3.27,0.73,4.35,2.5,1.85,3.0
"Galangal, raw","Clementines, raw",47.0,0.85,0.15,12.0,1.7,9.18,1.0
"Galangal, raw","Collards, raw",32.0,3.02,0.61,5.42,4.0,0.46,17.0
"Galangal, raw","Collards, raw",0.0,2.97,0.77,7.02,3.82,0.0,18.4
"Galangal, raw","Cornsalad, raw",21.0,2.0,0.4,3.6,0.0,0.0,4.0
"Galangal, raw","Crabapples, raw",76.0,0.4,0.3,20.0,0.0,0.0,1.0
"Galangal, raw","Cranberries, raw",46.0,0.46,0.13,12.0,3.6,4.27,2.0
"Galangal, raw","Dock, raw",22.0,2.0,0.7,3.2,2.9,0.0,4.0
"Galangal, raw","Eggplant, raw",25.0,0.98,0.18,5.88,3.0,3.53,2.0
"Galangal, raw","Eggplant, raw",0.0,0.852,0.12,5.4,2.45,0.0,0.442
"Galangal, raw","Elderberries, raw",73.0,0.66,0.5,18.4,7.0,0.0,6.0
"Galangal, raw","Endive, raw",17.0,1.25,0.2,3.35,3.1,0.25,22.0
"Galangal, raw","Epazote, raw",32.0,0.33,0.52,7.44,3.8,0.0,43.0
"Galangal, raw","Eppaw, raw",150.0,4.6,1.8,31.7,0.0,0.0,12.0
"Galangal, raw","Feijoa, raw",61.0,0.71,0.42,15.2,6.4,8.2,3.0
"Galangal, raw","Figs, raw",74.0,0.75,0.3,19.2,2.9,16.3,1.0
"Galangal, raw","Garlic, raw",143.0,6.62,0.38,28.2,2.7,0.0,0.0
"Galangal, raw","Garlic, raw",149.0,6.36,0.5,33.1,2.1,1.0,17.0
"Galangal, raw","Gooseberries, raw",44.0,0.88,0.58,10.2,4.3,0.0,1.0
"Galangal, raw","Jackfruit, raw",95.0,1.72,0.64,23.2,1.5,19.1,2.0
"Galangal, raw","Jujube, raw",79.0,1.2,0.2,20.2,0.0,0.0,3.0
"Galangal, raw","Kale, raw",35.0,2.92,1.49,4.42,4.1,0.99,53.0
"Lemongrass, raw","SMART SOUP, Vietnamese Carrot Lemongrass",44.0,1.3,1.06,8.2,1.5,4.4,145.0
"Lemongrass, raw","Abiyuch, raw",69.0,1.5,0.1,17.6,5.3,8.55,20.0
"Lemongrass, raw","Apricots, raw",48.0,1.4,0.39,11.1,2.0,9.24,1.0
"Lemongrass, raw","Arrowhead, raw",99.0,5.33,0.29,20.2,0.0,0.0,22.0
"Lemongrass, raw","Arrowroot, raw",65.0,4.24,0.2,13.4,1.3,0.0,26.0
"Lemongrass, raw","Arugula, raw",25.0,2.58,0.66,3.65,1.6,2.05,27.0
"Lemongrass, raw","Asparagus, raw",20.0,2.2,0.12,3.88,2.1,1.88,2.0
"Lemongrass, raw","Bananas, raw",89.0,1.09,0.33,22.8,2.6,12.2,1.0
"Lemongrass, raw","Beets, raw",0.0,1.69,0.302,8.79,3.12,0.0,112.0
"Lemongrass, raw","Beets, raw",43.0,1.61,0.17,9.56,2.8,6.76,78.0
"Lemongrass, raw","Blackberries, raw",43.0,1.39,0.49,9.61,5.3,4.88,1.0
"Lemongrass, raw","Blackberries, raw",0.0,1.53,0.0,0.0,0.0,0.0,1.55
"Lemongrass, raw","Blueberries, raw",0.0,0.703,0.306,14.6,0.0,0.0,0.0
"Lemongrass, raw","Blueberries, raw",57.0,0.74,0.33,14.5,2.4,9.96,1.0
"Lemongrass, raw","Borage, raw",21.0,1.8,0.7,3.06,0.0,0.0,80.0
"Lemongrass, raw","Breadfruit, raw",103.0,1.07,0.23,27.1,4.9,11.0,2.0
"Lemongrass, raw","Broccoli, raw",31.0,2.57,0.34,6.27,2.4,0.0,36.0
"Lemongrass, raw","Broccoli, raw",34.0,2.82,0.37,6.64,2.6,1.7,33.0
"Lemongrass, raw","Cabbage, raw",25.0,1.28,0.1,5.8,2.5,3.2,18.0
"Lemongrass, raw","Cardoon, raw",17.0,0.7,0.1,4.07,1.6,0.0,170.0
"Lemongrass, raw","Carrots, raw",41.0,0.93,0.24,9.58,2.8,4.74,69.0
"Lemongrass, raw","Cassava, raw",160.0,1.36,0.28,38.1,1.8,1.7,14.0
"Lemongrass, raw","Cauliflower, raw",0.0,1.64,0.238,4.72,1.95,0.0,20.0
"Lemongrass, raw","Cauliflower, raw",25.0,1.92,0.28,4.97,2.0,1.91,30.0
"Lemongrass, raw","Celeriac, raw",42.0,1.5,0.3,9.2,1.8,1.6,100.0
"Lemongrass, raw","Celery, raw",0.0,0.492,0.162,3.32,0.0,0.0,97.2
"Lemongrass, raw","Celery, raw",14.0,0.69,0.17,2.97,1.6,1.34,80.0
"Lemongrass, raw","Celtuce, raw",18.0,0.85,0.3,3.65,1.7,0.0,11.0
"Lemongrass, raw","Cherimoya, raw",75.0,1.57,0.68,17.7,3.0,12.9,7.0
"Lemongrass, raw","Chives, raw",30.0,3.27,0.73,4.35,2.5,1.85,3.0
"Lemongrass, raw","Clementines, raw",47.0,0.85,0.15,12.0,1.7,9.18,1.0
"Lemongrass, raw","Collards, raw",32.0,3.02,0.61,5.42,4.0,0.46,17.0
"Lemongrass, raw","Collards, raw",0.0,2.97,0.77,7.02,3.82,0.0,18.4
"Lemongrass, raw","Cornsalad, raw",21.0,2.0,0.4,3.6,0.0,0.0,4.0
"Lemongrass, raw","Crabapples, raw",76.0,0.4,0.3,20.0,0.0,0.0,1.0
"Lemongrass, raw","Cranberries, raw",46.0,0.46,0.13,12.0,3.6,4.27,2.0
"Lemongrass, raw","Dock, raw",22.0,2.0,0.7,3.2,2.9,0.0,4.0
"Lemongrass, raw","Eggplant, raw",25.0,0.98,0.18,5.88,3.0,3.53,2.0
"Lemongrass, raw","Eggplant, raw",0.0,0.852,0.12,5.4,2.45,0.0,0.442
"Lemongrass, raw","Elderberries, raw",73.0,0.66,0.5,18.4,7.0,0.0,6.0
"Lemongrass, raw","Endive, raw",17.0,1.25,0.2,3.35,3.1,0.25,22.0
"Lemongrass, raw","Epazote, raw",32.0,0.33,0.52,7.44,3.8,0.0,43.0
"Lemongrass, raw","Eppaw, raw",150.0,4.6,1.8,31.7,0.0,0.0,12.0
"Lemongrass, raw","Feijoa, raw",61.0,0.71,0.42,15.2,6.4,8.2,3.0
"Lemongrass, raw","Figs, raw",74.0,0.75,0.3,19.2,2.9,16.3,1.0
"Lemongrass, raw","Garlic, raw",143.0,6.62,0.38,28.2,2.7,0.0,0.0
"Lemongrass, raw","Garlic, raw",149.0,6.36,0.5,33.1,2.1,1.0,17.0
"Lemongrass, raw","Gooseberries, raw",44.0,0.88,0.58,10.2,4.3,0.0,1.0
"Lemongrass, raw","Jackfruit, raw",95.0,1.72,0.64,23.2,1.5,19.1,2.0
"Lemongrass, raw","Jujube, raw",79.0,1.2,0.2,20.2,0.0,0.0,3.0
Kaffir lime leaves,"Drumstick leaves, raw",64.0,9.4,1.4,8.28,2.0,0.0,9.0
Kaffir lime leaves,"Amaranth leaves, raw",23.0,2.46,0.33,4.02,0.0,0.0,20.0
Kaffir lime leaves,"Broccoli, leaves, raw",28.0,2.98,0.35,5.06,2.3,1.48,27.0
Kaffir lime leaves,"Chrysanthemum leaves, raw",24.0,3.36,0.56,3.01,3.0,0.0,118.0
Kaffir lime leaves,"Fireweed, leaves, raw",103.0,4.71,2.75,19.2,10.6,0.0,34.0
Kaffir lime leaves,"Grape leaves, canned",69.0,4.27,1.97,11.7,9.9,0.0,2850.0
Kaffir lime leaves,"Grape leaves, raw",93.0,5.6,2.12,17.3,11.0,6.3,9.0
Kaffir lime leaves,"Pumpkin leaves, raw",19.0,3.15,0.4,2.33,0.0,0.0,11.0
Kaffir lime leaves,"Taro leaves, raw",42.0,4.98,0.74,6.7,3.7,3.01,3.0
Kaffir lime leaves,"Sweet potato leaves, raw",42.0,2.49,0.51,8.82,5.3,0.0,6.0
Kaffir lime leaves,"Coriander (cilantro) leaves, raw",23.0,2.13,0.52,3.67,2.8,0.87,46.0
Kaffir lime leaves,"Winged bean leaves, raw",74.0,5.85,1.1,14.1,0.0,0.0,9.0
Kaffir lime leaves,"Rhubarb, wild, leaves (Alaska Native)",61.0,4.2,0.5,9.9,0.0,0.0,0.0
Kaffir lime leaves,"Sourdock, young leaves (Alaska Native)",42.0,2.3,0.7,6.5,0.0,0.0,0.0
Kaffir lime leaves,"Taro, leaves, cooked, steamed, with salt",24.0,2.72,0.41,3.89,2.0,0.0,238.0
Kaffir lime leaves,"Willow, leaves in oil (Alaska Native)",592.0,2.6,61.0,8.1,0.0,0.0,0.0
Kaffir lime leaves,"Sweet potato leaves, cooked, steamed, with salt",35.0,2.18,0.34,7.38,1.9,5.48,249.0
Kaffir lime leaves,"Amaranth leaves, cooked, boiled, drained, with salt",21.0,2.11,0.18,4.11,0.0,0.0,257.0
Kaffir lime leaves,"Drumstick leaves, cooked, boiled, drained, with salt",60.0,5.27,0.93,11.2,2.0,1.0,245.0
Kaffir lime leaves,"Fireweed, young leaves, raw (Alaska Native)",44.0,3.0,0.8,6.3,6.0,0.0,50.0
Kaffir lime leaves,"Pumpkin leaves, cooked, boiled, drained, with salt",21.0,2.72,0.22,3.39,2.7,0.69,244.0
Kaffir lime leaves,"Taro leaves, cooked, steamed, without salt",24.0,2.72,0.41,4.02,2.0,0.0,2.0
Kaffir lime leaves,"Willow, young leaves, chopped (Alaska Native)",122.0,6.1,1.6,20.7,0.0,0.0,0.0
Kaffir lime leaves,"Sweet potato leaves, cooked, steamed, without salt",35.0,2.18,0.34,7.38,1.9,5.48,7.0
Kaffir lime leaves,"Amaranth leaves, cooked, boiled, drained, without salt",21.0,2.11,0.18,4.11,0.0,0.0,21.0
Kaffir lime leaves,"Drumstick leaves, cooked, boiled, drained, without salt",60.0,5.27,0.93,11.2,2.0,1.0,9.0
Kaffir lime leaves,"Pumpkin leaves, cooked, boiled, drained, without salt",21.0,2.72,0.22,3.39,2.7,0.69,8.0
Kaffir lime leaves,"Limes, raw",30.0,0.7,0.2,10.5,2.8,1.69,2.0
Kaffir lime leaves,"Lime juice, raw",25.0,0.42,0.07,8.42,0.4,1.69,2.0
Kaffir lime leaves,"Frozen novelties, ice type, lime",128.0,0.4,0.0,32.6,0.0,32.6,22.0
Kaffir lime leaves,"Lime juice, canned or bottled, unsweetened",21.0,0.25,0.23,6.69,0.4,1.37,16.0
Kaffir lime leaves,SILK Key Lime soy yogurt,88.0,2.35,1.18,17.6,0.6,12.4,15.0
Kaffir lime leaves,"Beverages, carbonated, lemon-lime soda, no caffeine",41.0,0.09,0.0,10.4,0.0,10.4,10.0
Kaffir lime leaves,"Beverages, carbonated, SPRITE, lemon-lime, without caffeine",40.0,0.05,0.02,10.1,0.0,8.98,9.0
Kaffir lime leaves,"Yogurt, Greek, 2% fat, key lime blend, CHOBANI",92.0,7.75,1.47,11.9,0.5,0.0,40.0
Kaffir lime leaves,"Beverages, COCA-COLA, POWERADE, lemon-lime flavored, ready-to-drink",32.0,0.0,0.05,7.84,0.0,6.11,42.0
"Chili pepper, red, raw","Peppers, hot chili, red, raw",40.0,1.87,0.44,8.81,1.5,5.3,9.0
"Chili pepper, red, raw","Peppers, bell, red, raw",0.0,0.896,0.126,6.65,1.16,0.0,0.0
"Chili pepper, red, raw","Peppers, sweet, red, raw",26.0,0.99,0.3,6.03,2.1,4.2,4.0
"Chili pepper, red, raw","Peppers, hot chili, green, raw",40.0,2.0,0.2,9.46,1.5,5.1,7.0
"Chili pepper, red, raw","Sauce, peppers, hot, chili, mature red, canned",21.0,0.9,0.6,3.9,0.7,2.55,25.0
"Chili pepper, red, raw","Cabbage, red, raw",31.0,1.43,0.16,7.37,2.1,3.83,27.0
"Chili pepper, red, raw","Cabbage, red, raw",0.0,1.24,0.214,6.79,0.0,0.0,11.7
"Chili pepper, red, raw","Onions, red, raw",44.0,0.94,0.1,9.93,2.2,0.0,1.0
"Chili pepper, red, raw","Pepper, banana, raw",27.0,1.66,0.45,5.35,3.4,1.95,13.0
"Chili pepper, red, raw","Peppers, hungarian, raw",29.0,0.8,0.41,6.7,1.0,3.53,1.0
"Chili pepper, red, raw","Peppers, jalapeno, raw",29.0,0.91,0.37,6.5,2.8,4.12,3.0
"Chili pepper, red, raw","Peppers, serrano, raw",32.0,1.74,0.44,6.7,3.7,3.83,10.0
"Chili pepper, red, raw","Peppers, hot chili, red, canned, excluding seeds, solids and liquids",21.0,0.9,0.1,5.1,1.3,3.32,1170.0
"Chili pepper, red, raw","Peppers, chili, green, canned",21.0,0.72,0.27,4.6,1.7,0.0,397.0
"Chili pepper, red, raw","Cherries, sour, red, raw",50.0,1.0,0.3,12.2,1.6,8.49,3.0
"Chili pepper, red, raw","Currants, red and white, raw",56.0,1.4,0.2,13.8,4.3,7.37,1.0
"Chili pepper, red, raw","Grapes, red, seedless, raw",0.0,0.914,0.164,20.2,0.0,0.0,7.0
"Chili pepper, red, raw","Lentils, pink or red, raw",358.0,23.9,2.17,63.1,10.8,0.0,7.0
"Chili pepper, red, raw","Lettuce, leaf, red, raw",0.0,0.883,0.106,3.26,0.0,0.0,24.9
"Chili pepper, red, raw","Lettuce, red leaf, raw",13.0,1.33,0.22,2.26,0.9,0.48,25.0
"Chili pepper, red, raw","Pears, raw, red anjou",62.0,0.33,0.14,14.9,3.0,9.54,1.0
"Chili pepper, red, raw","Peppers, bell, green, raw",0.0,0.715,0.106,4.78,0.942,0.0,0.0
"Chili pepper, red, raw","Peppers, bell, orange, raw",0.0,0.882,0.156,6.7,0.967,0.0,0.0
"Chili pepper, red, raw","Peppers, bell, yellow, raw",0.0,0.819,0.121,6.6,1.07,0.0,0.0
"Chili pepper, red, raw","Peppers, sweet, green, raw",20.0,0.86,0.17,4.64,1.7,2.4,3.0
"Chili pepper, red, raw","Peppers, sweet, yellow, raw",27.0,1.0,0.21,6.32,0.9,0.0,2.0
"Chili pepper, red, raw","Apples, red delicious, with skin, raw",0.0,0.188,0.212,14.8,2.04,12.2,0.0
"Chili pepper, red, raw","Cherries, sweet, dark red, raw",0.0,1.04,0.192,16.2,0.0,0.0,0.0
"Chili pepper, red, raw","Grapefruit, raw, pink and red, Florida",30.0,0.55,0.1,7.5,1.1,0.0,0.0
"Chili pepper, red, raw","Potatoes, red, flesh and skin, raw",70.0,1.89,0.14,15.9,1.7,1.29,18.0
"Chili pepper, red, raw","Potatoes, red, without skin, raw",0.0,2.06,0.248,16.3,0.0,0.0,2.86
"Chili pepper, red, raw","Rice, red, unenriched, dry, raw",0.0,8.56,3.44,76.2,4.2,0.0,0.438
"Chili pepper, red, raw","Peppers, sweet, red, sauteed",133.0,1.04,12.8,6.57,1.8,4.28,21.0
"Chili pepper, red, raw","Spices, pepper, red or cayenne",318.0,12.0,17.3,56.6,27.2,10.3,30.0
"Chili pepper, red, raw","Tomatoes, red, ripe, canned, with green chilies",15.0,0.69,0.08,3.62,0.0,0.0,401.0
"Chili pepper, red, raw","Beans, kidney, red, mature seeds, raw",337.0,22.5,1.06,61.3,15.2,2.1,12.0
"Chili pepper, red, raw","Grapefruit, raw, pink and red, all areas",42.0,0.77,0.14,10.7,1.6,6.89,0.0
"Chili pepper, red, raw","Grapefruit, raw, pink and red, California and Arizona",37.0,0.5,0.1,9.69,0.0,0.0,1.0
"Chili pepper, red, raw","Peppers, sweet, red, freeze-dried",314.0,17.9,3.0,68.7,21.3,40.8,193.0
"Chili pepper, red, raw","Sauce, chili, peppers, hot, immature green, canned",20.0,0.7,0.1,5.0,1.9,2.55,25.0
"Chili pepper, red, raw","Beans, kidney, california red, mature seeds, raw",330.0,24.4,0.25,59.8,24.9,0.0,11.0
"Chili pepper, red, raw","Beans, kidney, royal red, mature seeds, raw",329.0,25.3,0.45,58.3,24.9,0.0,13.0
"Chili pepper, red, raw","Fish, salmon, sockeye (red), raw (Alaska Native)",153.0,21.9,7.28,0.0,0.0,0.0,60.0
"Chili pepper, red, raw","Grapefruit, raw, pink and red and white, all areas",32.0,0.63,0.1,8.08,1.1,6.98,0.0
"Chili pepper, red, raw","Pigeon peas (red gram), mature seeds, raw",343.0,21.7,1.49,62.8,15.0,0.0,17.0
"Chili pepper, red, raw","Tomatoes, red, ripe, raw, year round average",18.0,0.88,0.2,3.89,1.2,2.63,5.0
"Chili pepper, red, raw","Peppers, sweet, red, canned, solids and liquids",18.0,0.8,0.3,3.9,1.2,0.0,1370.0
"Chili pepper, red, raw","Peppers, sweet, red, frozen, chopped, unprepared",20.0,1.08,0.21,4.45,1.6,3.26,5.0
"Chili pepper, red, raw","Grapes, red or green (European type, such as Thompson seedless), raw",69.0,0.72,0.16,18.1,0.9,15.5,2.0
"Chili pepper, red, raw","Corn with red and green peppers, canned, solids and liquids",75.0,2.33,0.55,18.2,0.0,0.0,347.0
"Garlic, raw","Garlic, raw",143.0,6.62,0.38,28.2,2.7,0.0,0.0
"Garlic, raw","Garlic, raw",149.0,6.36,0.5,33.1,2.1,1.0,17.0
"Garlic, raw","Abiyuch, raw",69.0,1.5,0.1,17.6,5.3,8.55,20.0
"Garlic, raw","Apricots, raw",48.0,1.4,0.39,11.1,2.0,9.24,1.0
"Garlic, raw","Arrowhead, raw",99.0,5.33,0.29,20.2,0.0,0.0,22.0
"Garlic, raw","Arrowroot, raw",65.0,4.24,0.2,13.4,1.3,0.0,26.0
"Garlic, raw","Arugula, raw",25.0,2.58,0.66,3.65,1.6,2.05,27.0
"Garlic, raw","Asparagus, raw",20.0,2.2,0.12,3.88,2.1,1.88,2.0
"Garlic, raw","Bananas, raw",89.0,1.09,0.33,22.8,2.6,12.2,1.0
"Garlic, raw","Beets, raw",0.0,1.69,0.302,8.79,3.12,0.0,112.0
"Garlic, raw","Beets, raw",43.0,1.61,0.17,9.56,2.8,6.76,78.0
"Garlic, raw","Blackberries, raw",43.0,1.39,0.49,9.61,5.3,4.88,1.0
"Garlic, raw","Blackberries, raw",0.0,1.53,0.0,0.0,0.0,0.0,1.55
"Garlic, raw","Blueberries, raw",0.0,0.703,0.306,14.6,0.0,0.0,0.0
"Garlic, raw","Blueberries, raw",57.0,0.74,0.33,14.5,2.4,9.96,1.0
"Garlic, raw","Borage, raw",21.0,1.8,0.7,3.06,0.0,0.0,80.0
"Garlic, raw","Breadfruit, raw",103.0,1.07,0.23,27.1,4.9,11.0,2.0
"Garlic, raw","Broccoli, raw",31.0,2.57,0.34,6.27,2.4,0.0,36.0
"Garlic, raw","Broccoli, raw",34.0,2.82,0.37,6.64,2.6,1.7,33.0
"Garlic, raw","Cabbage, raw",25.0,1.28,0.1,5.8,2.5,3.2,18.0
"Garlic, raw","Cardoon, raw",17.0,0.7,0.1,4.07,1.6,0.0,170.0
"Garlic, raw","Carrots, raw",41.0,0.93,0.24,9.58,2.8,4.74,69.0
"Garlic, raw","Cassava, raw",160.0,1.36,0.28,38.1,1.8,1.7,14.0
"Garlic, raw","Cauliflower, raw",0.0,1.64,0.238,4.72,1.95,0.0,20.0
"Garlic, raw","Cauliflower, raw",25.0,1.92,0.28,4.97,2.0,1.91,30.0
"Garlic, raw","Celeriac, raw",42.0,1.5,0.3,9.2,1.8,1.6,100.0
"Garlic, raw","Celery, raw",0.0,0.492,0.162,3.32,0.0,0.0,97.2
"Garlic, raw","Celery, raw",14.0,0.69,0.17,2.97,1.6,1.34,80.0
"Garlic, raw","Celtuce, raw",18.0,0.85,0.3,3.65,1.7,0.0,11.0
"Garlic, raw","Cherimoya, raw",75.0,1.57,0.68,17.7,3.0,12.9,7.0
"Garlic, raw","Chives, raw",30.0,3.27,0.73,4.35,2.5,1.85,3.0
"Garlic, raw","Clementines, raw",47.0,0.85,0.15,12.0,1.7,9.18,1.0
"Garlic, raw","Collards, raw",32.0,3.02,0.61,5.42,4.0,0.46,17.0
"Garlic, raw","Collards, raw",0.0,2.97,0.77,7.02,3.82,0.0,18.4
"Garlic, raw","Cornsalad, raw",21.0,2.0,0.4,3.6,0.0,0.0,4.0
"Garlic, raw","Crabapples, raw",76.0,0.4,0.3,20.0,0.0,0.0,1.0
"Garlic, raw","Cranberries, raw",46.0,0.46,0.13,12.0,3.6,4.27,2.0
"Garlic, raw","Dock, raw",22.0,2.0,0.7,3.2,2.9,0.0,4.0
"Garlic, raw","Eggplant, raw",25.0,0.98,0.18,5.88,3.0,3.53,2.0
"Garlic, raw","Eggplant, raw",0.0,0.852,0.12,5.4,2.45,0.0,0.442
"Garlic, raw","Elderberries, raw",73.0,0.66,0.5,18.4,7.0,0.0,6.0
"Garlic, raw","Endive, raw",17.0,1.25,0.2,3.35,3.1,0.25,22.0
"Garlic, raw","Epazote, raw",32.0,0.33,0.52,7.44,3.8,0.0,43.0
"Garlic, raw","Eppaw, raw",150.0,4.6,1.8,31.7,0.0,0.0,12.0
"Garlic, raw","Feijoa, raw",61.0,0.71,0.42,15.2,6.4,8.2,3.0
"Garlic, raw","Figs, raw",74.0,0.75,0.3,19.2,2.9,16.3,1.0
"Garlic, raw","Gooseberries, raw",44.0,0.88,0.58,10.2,4.3,0.0,1.0
"Garlic, raw","Jackfruit, raw",95.0,1.72,0.64,23.2,1.5,19.1,2.0
"Garlic, raw","Jujube, raw",79.0,1.2,0.2,20.2,0.0,0.0,3.0
"Garlic, raw","Kale, raw",35.0,2.92,1.49,4.42,4.1,0.99,53.0
"Shallots, raw","Shallots, raw",72.0,2.5,0.1,16.8,3.2,7.87,12.0
"Shallots, raw","Shallots, bulb, peeled, root removed, raw",0.0,1.38,0.0,0.0,0.0,0.0,3.64
"Shallots, raw","Shallots, freeze-dried",348.0,12.3,0.5,80.7,15.7,38.2,59.0
"Shallots, raw","Abiyuch, raw",69.0,1.5,0.1,17.6,5.3,8.55,20.0
"Shallots, raw","Apricots, raw",48.0,1.4,0.39,11.1,2.0,9.24,1.0
"Shallots, raw","Arrowhead, raw",99.0,5.33,0.29,20.2,0.0,0.0,22.0
"Shallots, raw","Arrowroot, raw",65.0,4.24,0.2,13.4,1.3,0.0,26.0
"Shallots, raw","Arugula, raw",25.0,2.58,0.66,3.65,1.6,2.05,27.0
"Shallots, raw","Asparagus, raw",20.0,2.2,0.12,3.88,2.1,1.88,2.0
"Shallots, raw","Bananas, raw",89.0,1.09,0.33,22.8,2.6,12.2,1.0
"Shallots, raw","Beets, raw",0.0,1.69,0.302,8.79,3.12,0.0,112.0
"Shallots, raw","Beets, raw",43.0,1.61,0.17,9.56,2.8,6.76,78.0
"Shallots, raw","Blackberries, raw",43.0,1.39,0.49,9.61,5.3,4.88,1.0
"Shallots, raw","Blackberries, raw",0.0,1.53,0.0,0.0,0.0,0.0,1.55
"Shallots, raw","Blueberries, raw",0.0,0.703,0.306,14.6,0.0,0.0,0.0
"Shallots, raw","Blueberries, raw",57.0,0.74,0.33,14.5,2.4,9.96,1.0
"Shallots, raw","Borage, raw",21.0,1.8,0.7,3.06,0.0,0.0,80.0
"Shallots, raw","Breadfruit, raw",103.0,1.07,0.23,27.1,4.9,11.0,2.0
"Shallots, raw","Broccoli, raw",31.0,2.57,0.34,6.27,2.4,0.0,36.0
"Shallots, raw","Broccoli, raw",34.0,2.82,0.37,6.64,2.6,1.7,33.0
"Shallots, raw","Cabbage, raw",25.0,1.28,0.1,5.8,2.5,3.2,18.0
"Shallots, raw","Cardoon, raw",17.0,0.7,0.1,4.07,1.6,0.0,170.0
"Shallots, raw","Carrots, raw",41.0,0.93,0.24,9.58,2.8,4.74,69.0
"Shallots, raw","Cassava, raw",160.0,1.36,0.28,38.1,1.8,1.7,14.0
"Shallots, raw","Cauliflower, raw",0.0,1.64,0.238,4.72,1.95,0.0,20.0
"Shallots, raw","Cauliflower, raw",25.0,1.92,0.28,4.97,2.0,1.91,30.0
"Shallots, raw","Celeriac, raw",42.0,1.5,0.3,9.2,1.8,1.6,100.0
"Shallots, raw","Celery, raw",0.0,0.492,0.162,3.32,0.0,0.0,97.2
"Shallots, raw","Celery, raw",14.0,0.69,0.17,2.97,1.6,1.34,80.0
"Shallots, raw","Celtuce, raw",18.0,0.85,0.3,3.65,1.7,0.0,11.0
"Shallots, raw","Cherimoya, raw",75.0,1.57,0.68,17.7,3.0,12.9,7.0
"Shallots, raw","Chives, raw",30.0,3.27,0.73,4.35,2.5,1.85,3.0
"Shallots, raw","Clementines, raw",47.0,0.85,0.15,12.0,1.7,9.18,1.0
"Shallots, raw","Collards, raw",32.0,3.02,0.61,5.42,4.0,0.46,17.0
"Shallots, raw","Collards, raw",0.0,2.97,0.77,7.02,3.82,0.0,18.4
"Shallots, raw","Cornsalad, raw",21.0,2.0,0.4,3.6,0.0,0.0,4.0
"Shallots, raw","Crabapples, raw",76.0,0.4,0.3,20.0,0.0,0.0,1.0
"Shallots, raw","Cranberries, raw",46.0,0.46,0.13,12.0,3.6,4.27,2.0
"Shallots, raw","Dock, raw",22.0,2.0,0.7,3.2,2.9,0.0,4.0
"Shallots, raw","Eggplant, raw",25.0,0.98,0.18,5.88,3.0,3.53,2.0
"Shallots, raw","Eggplant, raw",0.0,0.852,0.12,5.4,2.45,0.0,0.442
"Shallots, raw","Elderberries, raw",73.0,0.66,0.5,18.4,7.0,0.0,6.0
"Shallots, raw","Endive, raw",17.0,1.25,0.2,3.35,3.1,0.25,22.0
"Shallots, raw","Epazote, raw",32.0,0.33,0.52,7.44,3.8,0.0,43.0
"Shallots, raw","Eppaw, raw",150.0,4.6,1.8,31.7,0.0,0.0,12.0
"Shallots, raw","Feijoa, raw",61.0,0.71,0.42,15.2,6.4,8.2,3.0
"Shallots, raw","Figs, raw",74.0,0.75,0.3,19.2,2.9,16.3,1.0
"Shallots, raw","Garlic, raw",143.0,6.62,0.38,28.2,2.7,0.0,0.0
"Shallots, raw","Garlic, raw",149.0,6.36,0.5,33.1,2.1,1.0,17.0
"Shallots, raw","Gooseberries, raw",44.0,0.88,0.58,10.2,4.3,0.0,1.0
"Onion, raw","Onions, raw",40.0,1.1,0.1,9.34,1.7,4.24,4.0
"Onion, raw","Onions, red, raw",44.0,0.94,0.1,9.93,2.2,0.0,1.0
"Onion, raw","Onions, sweet, raw",32.0,0.8,0.08,7.55,0.9,5.02,8.0
"Onion, raw","Onions, welsh, raw",34.0,1.9,0.4,6.5,2.4,2.18,17.0
"Onion, raw","Onions, white, raw",35.0,0.89,0.13,7.68,1.2,0.0,2.0
"Onion, raw","Onions, yellow, raw",38.0,0.83,0.05,8.61,1.9,0.0,1.0
"Onion, raw","Onions, spring or scallions (includes tops and bulb), raw",32.0,1.83,0.19,7.34,2.6,2.33,16.0
"Onion, raw","Green onion, (scallion), bulb and greens, root removed, raw",0.0,0.669,0.0,0.0,0.0,0.0,9.95
"Onion, raw","Abiyuch, raw",69.0,1.5,0.1,17.6,5.3,8.55,20.0
"Onion, raw","Apricots, raw",48.0,1.4,0.39,11.1,2.0,9.24,1.0
"Onion, raw","Arrowhead, raw",99.0,5.33,0.29,20.2,0.0,0.0,22.0
"Onion, raw","Arrowroot, raw",65.0,4.24,0.2,13.4,1.3,0.0,26.0
"Onion, raw","Arugula, raw",25.0,2.58,0.66,3.65,1.6,2.05,27.0
"Onion, raw","Asparagus, raw",20.0,2.2,0.12,3.88,2.1,1.88,2.0
"Onion, raw","Bananas, raw",89.0,1.09,0.33,22.8,2.6,12.2,1.0
"Onion, raw","Beets, raw",0.0,1.69,0.302,8.79,3.12,0.0,112.0
"Onion, raw","Beets, raw",43.0,1.61,0.17,9.56,2.8,6.76,78.0
"Onion, raw","Blackberries, raw",43.0,1.39,0.49,9.61,5.3,4.88,1.0
"Onion, raw","Blackberries, raw",0.0,1.53,0.0,0.0,0.0,0.0,1.55
"Onion, raw","Blueberries, raw",0.0,0.703,0.306,14.6,0.0,0.0,0.0
"Onion, raw","Blueberries, raw",57.0,0.74,0.33,14.5,2.4,9.96,1.0
"Onion, raw","Borage, raw",21.0,1.8,0.7,3.06,0.0,0.0,80.0
"Onion, raw","Breadfruit, raw",103.0,1.07,0.23,27.1,4.9,11.0,2.0
"Onion, raw","Broccoli, raw",31.0,2.57,0.34,6.27,2.4,0.0,36.0
"Onion, raw","Broccoli, raw",34.0,2.82,0.37,6.64,2.6,1.7,33.0
"Onion, raw","Cabbage, raw",25.0,1.28,0.1,5.8,2.5,3.2,18.0
"Onion, raw","Cardoon, raw",17.0,0.7,0.1,4.07,1.6,0.0,170.0
"Onion, raw","Carrots, raw",41.0,0.93,0.24,9.58,2.8,4.74,69.0
"Onion, raw","Cassava, raw",160.0,1.36,0.28,38.1,1.8,1.7,14.0
"Onion, raw","Cauliflower, raw",0.0,1.64,0.238,4.72,1.95,0.0,20.0
"Onion, raw","Cauliflower, raw",25.0,1.92,0.28,4.97,2.0,1.91,30.0
"Onion, raw","Celeriac, raw",42.0,1.5,0.3,9.2,1.8,1.6,100.0
"Onion, raw","Celery, raw",0.0,0.492,0.162,3.32,0.0,0.0,97.2
"Onion, raw","Celery, raw",14.0,0.69,0.17,2.97,1.6,1.34,80.0
"Onion, raw","Celtuce, raw",18.0,0.85,0.3,3.65,1.7,0.0,11.0
"Onion, raw","Cherimoya, raw",75.0,1.57,0.68,17.7,3.0,12.9,7.0
"Onion, raw","Chives, raw",30.0,3.27,0.73,4.35,2.5,1.85,3.0
"Onion, raw","Clementines, raw",47.0,0.85,0.15,12.0,1.7,9.18,1.0
"Onion, raw","Collards, raw",32.0,3.02,0.61,5.42,4.0,0.46,17.0
"Onion, raw","Collards, raw",0.0,2.97,0.77,7.02,3.82,0.0,18.4
"Onion, raw","Cornsalad, raw",21.0,2.0,0.4,3.6,0.0,0.0,4.0
"Onion, raw","Crabapples, raw",76.0,0.4,0.3,20.0,0.0,0.0,1.0
"Onion, raw","Cranberries, raw",46.0,0.46,0.13,12.0,3.6,4.27,2.0
"Onion, raw","Dock, raw",22.0,2.0,0.7,3.2,2.9,0.0,4.0
"Onion, raw","Eggplant, raw",25.0,0.98,0.18,5.88,3.0,3.53,2.0
"Onion, raw","Eggplant, raw",0.0,0.852,0.12,5.4,2.45,0.0,0.442
"Onion, raw","Elderberries, raw",73.0,0.66,0.5,18.4,7.0,0.0,6.0
"Onion, raw","Endive, raw",17.0,1.25,0.2,3.35,3.1,0.25,22.0
"Onion, raw","Epazote, raw",32.0,0.33,0.52,7.44,3.8,0.0,43.0
"Onion, raw","Eppaw, raw",150.0,4.6,1.8,31.7,0.0,0.0,12.0
"Tomato, raw","Tomatoes, grape, raw",27.0,0.83,0.63,5.51,2.1,0.0,6.0
"Tomato, raw","Tomatoes, green, raw",23.0,1.2,0.2,5.1,1.1,4.0,13.0
"Tomato, raw","Tomatoes, orange, raw",16.0,1.16,0.19,3.18,0.9,0.0,42.0
"Tomato, raw","Tomatoes, yellow, raw",15.0,0.98,0.26,2.98,0.7,0.0,23.0
"Tomato, raw","Tomatoes, red, ripe, raw, year round average",18.0,0.88,0.2,3.89,1.2,2.63,5.0
"Tomato, raw","Abiyuch, raw",69.0,1.5,0.1,17.6,5.3,8.55,20.0
"Tomato, raw","Apricots, raw",48.0,1.4,0.39,11.1,2.0,9.24,1.0
"Tomato, raw","Arrowhead, raw",99.0,5.33,0.29,20.2,0.0,0.0,22.0
"Tomato, raw","Arrowroot, raw",65.0,4.24,0.2,13.4,1.3,0.0,26.0
"Tomato, raw","Arugula, raw",25.0,2.58,0.66,3.65,1.6,2.05,27.0
"Tomato, raw","Asparagus, raw",20.0,2.2,0.12,3.88,2.1,1.88,2.0
"Tomato, raw","Bananas, raw",89.0,1.09,0.33,22.8,2.6,12.2,1.0
"Tomato, raw","Beets, raw",0.0,1.69,0.302,8.79,3.12,0.0,112.0
"Tomato, raw","Beets, raw",43.0,1.61,0.17,9.56,2.8,6.76,78.0
"Tomato, raw","Blackberries, raw",43.0,1.39,0.49,9.61,5.3,4.88,1.0
"Tomato, raw","Blackberries, raw",0.0,1.53,0.0,0.0,0.0,0.0,1.55
"Tomato, raw","Blueberries, raw",0.0,0.703,0.306,14.6,0.0,0.0,0.0
"Tomato, raw","Blueberries, raw",57.0,0.74,0.33,14.5,2.4,9.96,1.0
"Tomato, raw","Borage, raw",21.0,1.8,0.7,3.06,0.0,0.0,80.0
"Tomato, raw","Breadfruit, raw",103.0,1.07,0.23,27.1,4.9,11.0,2.0
"Tomato, raw","Broccoli, raw",31.0,2.57,0.34,6.27,2.4,0.0,36.0
"Tomato, raw","Broccoli, raw",34.0,2.82,0.37,6.64,2.6,1.7,33.0
"Tomato, raw","Cabbage, raw",25.0,1.28,0.1,5.8,2.5,3.2,18.0
"Tomato, raw","Cardoon, raw",17.0,0.7,0.1,4.07,1.6,0.0,170.0
"Tomato, raw","Carrots, raw",41.0,0.93,0.24,9.58,2.8,4.74,69.0
"Tomato, raw","Cassava, raw",160.0,1.36,0.28,38.1,1.8,1.7,14.0
"Tomato, raw","Cauliflower, raw",0.0,1.64,0.238,4.72,1.95,0.0,20.0
"Tomato, raw","Cauliflower, raw",25.0,1.92,0.28,4.97,2.0,1.91,30.0
"Tomato, raw","Celeriac, raw",42.0,1.5,0.3,9.2,1.8,1.6,100.0
"Tomato, raw","Celery, raw",0.0,0.492,0.162,3.32,0.0,0.0,97.2
"Tomato, raw","Celery, raw",14.0,0.69,0.17,2.97,1.6,1.34,80.0
"Tomato, raw","Celtuce, raw",18.0,0.85,0.3,3.65,1.7,0.0,11.0
"Tomato, raw","Cherimoya, raw",75.0,1.57,0.68,17.7,3.0,12.9,7.0
"Tomato, raw","Chives, raw",30.0,3.27,0.73,4.35,2.5,1.85,3.0
"Tomato, raw","Clementines, raw",47.0,0.85,0.15,12.0,1.7,9.18,1.0
"Tomato, raw","Collards, raw",32.0,3.02,0.61,5.42,4.0,0.46,17.0
"Tomato, raw","Collards, raw",0.0,2.97,0.77,7.02,3.82,0.0,18.4
"Tomato, raw","Cornsalad, raw",21.0,2.0,0.4,3.6,0.0,0.0,4.0
"Tomato, raw","Crabapples, raw",76.0,0.4,0.3,20.0,0.0,0.0,1.0
"Tomato, raw","Cranberries, raw",46.0,0.46,0.13,12.0,3.6,4.27,2.0
"Tomato, raw","Dock, raw",22.0,2.0,0.7,3.2,2.9,0.0,4.0
"Tomato, raw","Eggplant, raw",25.0,0.98,0.18,5.88,3.0,3.53,2.0
"Tomato, raw","Eggplant, raw",0.0,0.852,0.12,5.4,2.45,0.0,0.442
"Tomato, raw","Elderberries, raw",73.0,0.66,0.5,18.4,7.0,0.0,6.0
"Tomato, raw","Endive, raw",17.0,1.25,0.2,3.35,3.1,0.25,22.0
"Tomato, raw","Epazote, raw",32.0,0.33,0.52,7.44,3.8,0.0,43.0
"Tomato, raw","Eppaw, raw",150.0,4.6,1.8,31.7,0.0,0.0,12.0
"Tomato, raw","Feijoa, raw",61.0,0.71,0.42,15.2,6.4,8.2,3.0
"Tomato, raw","Figs, raw",74.0,0.75,0.3,19.2,2.9,16.3,1.0
"Tomato, raw","Garlic, raw",143.0,6.62,0.38,28.2,2.7,0.0,0.0
"Yardlong bean, raw","Yardlong bean, raw",47.0,2.8,0.4,8.35,0.0,0.0,4.0
"Yardlong bean, raw","Yardlong beans, mature seeds, raw",347.0,24.3,1.31,61.9,11.0,0.0,17.0
"Yardlong bean, raw","Yardlong bean, cooked, boiled, drained, with salt",47.0,2.53,0.1,9.17,0.0,0.0,240.0
"Yardlong bean, raw","Yardlong bean, cooked, boiled, drained, without salt",47.0,2.53,0.1,9.18,0.0,0.0,4.0
"Yardlong bean, raw","Yardlong beans, mature seeds, cooked, boiled, with salt",118.0,8.29,0.45,21.1,3.8,0.0,241.0
"Yardlong bean, raw","Yardlong beans, mature seeds, cooked, boiled, without salt",118.0,8.29,0.45,21.1,3.8,0.0,5.0
"Yardlong bean, raw","Beans, fava, in pod, raw",88.0,7.92,0.73,17.6,7.5,9.21,25.0
"Yardlong bean, raw","Beans, snap, green, raw",0.0,1.97,0.275,7.41,3.01,0.0,0.0
"Yardlong bean, raw","Beans, snap, green, raw",31.0,1.83,0.22,6.97,2.7,3.26,6.0
"Yardlong bean, raw","Beans, snap, yellow, raw",31.0,1.82,0.12,7.13,3.4,3.27,6.0
"Yardlong bean, raw","Winged bean leaves, raw",74.0,5.85,1.1,14.1,0.0,0.0,9.0
"Yardlong bean, raw","Winged bean tuber, raw",148.0,11.6,0.9,28.1,0.0,0.0,35.0
"Yardlong bean, raw","Beans, adzuki, mature seeds, raw",329.0,19.9,0.53,62.9,12.7,0.0,5.0
"Yardlong bean, raw","Beans, black, mature seeds, raw",341.0,21.6,1.42,62.4,15.5,2.12,5.0
"Yardlong bean, raw","Beans, french, mature seeds, raw",343.0,18.8,2.02,64.1,25.2,0.0,18.0
"Yardlong bean, raw","Beans, navy, mature seeds, raw",337.0,22.3,1.5,60.8,15.3,3.88,5.0
"Yardlong bean, raw","Beans, pink, mature seeds, raw",343.0,21.0,1.13,64.2,12.7,2.14,8.0
"Yardlong bean, raw","Beans, white, mature seeds, raw",333.0,23.4,0.85,60.3,15.2,2.11,16.0
"Yardlong bean, raw","Beans, yellow, mature seeds, raw",345.0,22.0,2.6,60.7,25.1,0.0,12.0
"Yardlong bean, raw","Hyacinth beans, mature seeds, raw",344.0,23.9,1.69,60.7,25.6,0.0,21.0
"Yardlong bean, raw","Hyacinth-beans, immature seeds, raw",46.0,2.1,0.2,9.19,3.3,4.08,2.0
"Yardlong bean, raw","Lima beans, immature seeds, raw",113.0,6.84,0.86,20.2,4.9,1.48,8.0
"Yardlong bean, raw","Mung beans, mature seeds, raw",347.0,23.9,1.15,62.6,16.3,6.6,15.0
"Yardlong bean, raw","Mungo beans, mature seeds, raw",341.0,25.2,1.64,59.0,18.3,0.0,38.0
"Yardlong bean, raw","Winged beans, immature seeds, raw",49.0,6.95,0.87,4.31,0.0,0.0,4.0
"Yardlong bean, raw","Winged beans, mature seeds, raw",409.0,29.6,16.3,41.7,25.9,0.0,38.0
"Yardlong bean, raw","Beans, black turtle, mature seeds, raw",339.0,21.2,0.9,63.2,15.5,2.12,9.0
"Yardlong bean, raw","Beans, cranberry (roman), mature seeds, raw",335.0,23.0,1.23,60.0,24.7,0.0,6.0
"Yardlong bean, raw","Beans, kidney, mature seeds, sprouted, raw",29.0,4.2,0.5,4.1,0.0,0.0,6.0
"Yardlong bean, raw","Beans, kidney, red, mature seeds, raw",337.0,22.5,1.06,61.3,15.2,2.1,12.0
"Yardlong bean, raw","Beans, navy, mature seeds, sprouted, raw",67.0,6.15,0.7,13.0,0.0,0.0,13.0
"Yardlong bean, raw","Beans, pinto, mature seeds, sprouted, raw",62.0,5.25,0.9,11.6,0.0,0.0,153.0
"Yardlong bean, raw","Beans, small white, mature seeds, raw",336.0,21.1,1.18,62.2,24.9,0.0,12.0
"Yardlong bean, raw","Broadbeans (fava beans), mature seeds, raw",341.0,26.1,1.53,58.3,25.0,5.7,13.0
"Yardlong bean, raw","Lima beans, large, mature seeds, raw",338.0,21.5,0.69,63.4,19.0,8.5,18.0
"Yardlong bean, raw","Mung beans, mature seeds, sprouted, raw",30.0,3.04,0.18,5.94,1.8,4.13,6.0
"Yardlong bean, raw","Beans, kidney, all types, mature seeds, raw",333.0,23.6,0.83,60.0,24.9,2.23,24.0
"Yardlong bean, raw","Beans, kidney, california red, mature seeds, raw",330.0,24.4,0.25,59.8,24.9,0.0,11.0
"Yardlong bean, raw","Beans, kidney, royal red, mature seeds, raw",329.0,25.3,0.45,58.3,24.9,0.0,13.0
"Yardlong bean, raw","Chickpeas (garbanzo beans, bengal gram), mature seeds, raw",378.0,20.5,6.04,63.0,12.2,10.7,24.0
"Yardlong bean, raw","Lima beans, thin seeded (baby), mature seeds, raw",335.0,20.6,0.93,62.8,20.6,8.32,13.0
"Yardlong bean, raw","Fish, tilefish, raw",96.0,17.5,2.31,0.0,0.0,0.0,53.0
"Yardlong bean, raw","Abiyuch, raw",69.0,1.5,0.1,17.6,5.3,8.55,20.0
"Yardlong bean, raw","Apricots, raw",48.0,1.4,0.39,11.1,2.0,9.24,1.0
"Yardlong bean, raw","Arrowhead, raw",99.0,5.33,0.29,20.2,0.0,0.0,22.0
"Yardlong bean, raw","Arrowroot, raw",65.0,4.24,0.2,13.4,1.3,0.0,26.0
"Yardlong bean, raw","Arugula, raw",25.0,2.58,0.66,3.65,1.6,2.05,27.0
"Yardlong bean, raw","Asparagus, raw",20.0,2.2,0.12,3.88,2.1,1.88,2.0
"Yardlong bean, raw","Bananas, raw",89.0,1.09,0.33,22.8,2.6,12.2,1.0
"Yardlong bean, raw","Beets, raw",0.0,1.69,0.302,8.79,3.12,0.0,112.0
"Thai eggplant, raw","Eggplant, raw",25.0,0.98,0.18,5.88,3.0,3.53,2.0
"Thai eggplant, raw","Eggplant, raw",0.0,0.852,0.12,5.4,2.45,0.0,0.442
"Thai eggplant, raw","Eggplant, pickled",49.0,0.9,0.7,9.77,2.5,4.8,1670.0
"Thai eggplant, raw","Eggplant, cooked, boiled, drained, with salt",33.0,0.83,0.23,8.14,2.5,3.2,239.0
"Thai eggplant, raw","Eggplant, cooked, boiled, drained, without salt",35.0,0.83,0.23,8.73,2.5,3.2,1.0
"Thai eggplant, raw","SMART SOUP, Thai Coconut Curry",36.0,0.8,1.06,6.5,1.0,3.7,141.0
"Thai eggplant, raw","Abiyuch, raw",69.0,1.5,0.1,17.6,5.3,8.55,20.0
"Thai eggplant, raw","Apricots, raw",48.0,1.4,0.39,11.1,2.0,9.24,1.0
"Thai eggplant, raw","Arrowhead, raw",99.0,5.33,0.29,20.2,0.0,0.0,22.0
"Thai eggplant, raw","Arrowroot, raw",65.0,4.24,0.2,13.4,1.3,0.0,26.0
"Thai eggplant, raw","Arugula, raw",25.0,2.58,0.66,3.65,1.6,2.05,27.0
"Thai eggplant, raw","Asparagus, raw",20.0,2.2,0.12,3.88,2.1,1.88,2.0
"Thai eggplant, raw","Bananas, raw",89.0,1.09,0.33,22.8,2.6,12.2,1.0
"Thai eggplant, raw","Beets, raw",0.0,1.69,0.302,8.79,3.12,0.0,112.0
"Thai eggplant, raw","Beets, raw",43.0,1.61,0.17,9.56,2.8,6.76,78.0
"Thai eggplant, raw","Blackberries, raw",43.0,1.39,0.49,9.61,5.3,4.88,1.0
"Thai eggplant, raw","Blackberries, raw",0.0,1.53,0.0,0.0,0.0,0.0,1.55
"Thai eggplant, raw","Blueberries, raw",0.0,0.703,0.306,14.6,0.0,0.0,0.0
"Thai eggplant, raw","Blueberries, raw",57.0,0.74,0.33,14.5,2.4,9.96,1.0
"Thai eggplant, raw","Borage, raw",21.0,1.8,0.7,3.06,0.0,0.0,80.0
"Thai eggplant, raw","Breadfruit, raw",103.0,1.07,0.23,27.1,4.9,11.0,2.0
"Thai eggplant, raw","Broccoli, raw",31.0,2.57,0.34,6.27,2.4,0.0,36.0
"Thai eggplant, raw","Broccoli, raw",34.0,2.82,0.37,6.64,2.6,1.7,33.0
"Thai eggplant, raw","Cabbage, raw",25.0,1.28,0.1,5.8,2.5,3.2,18.0
"Thai eggplant, raw","Cardoon, raw",17.0,0.7,0.1,4.07,1.6,0.0,170.0
"Thai eggplant, raw","Carrots, raw",41.0,0.93,0.24,9.58,2.8,4.74,69.0
"Thai eggplant, raw","Cassava, raw",160.0,1.36,0.28,38.1,1.8,1.7,14.0
"Thai eggplant, raw","Cauliflower, raw",0.0,1.64,0.238,4.72,1.95,0.0,20.0
"Thai eggplant, raw","Cauliflower, raw",25.0,1.92,0.28,4.97,2.0,1.91,30.0
"Thai eggplant, raw","Celeriac, raw",42.0,1.5,0.3,9.2,1.8,1.6,100.0
"Thai eggplant, raw","Celery, raw",0.0,0.492,0.162,3.32,0.0,0.0,97.2
"Thai eggplant, raw","Celery, raw",14.0,0.69,0.17,2.97,1.6,1.34,80.0
"Thai eggplant, raw","Celtuce, raw",18.0,0.85,0.3,3.65,1.7,0.0,11.0
"Thai eggplant, raw","Cherimoya, raw",75.0,1.57,0.68,17.7,3.0,12.9,7.0
"Thai eggplant, raw","Chives, raw",30.0,3.27,0.73,4.35,2.5,1.85,3.0
"Thai eggplant, raw","Clementines, raw",47.0,0.85,0.15,12.0,1.7,9.18,1.0
"Thai eggplant, raw","Collards, raw",32.0,3.02,0.61,5.42,4.0,0.46,17.0
"Thai eggplant, raw","Collards, raw",0.0,2.97,0.77,7.02,3.82,0.0,18.4
"Thai eggplant, raw","Cornsalad, raw",21.0,2.0,0.4,3.6,0.0,0.0,4.0
"Thai eggplant, raw","Crabapples, raw",76.0,0.4,0.3,20.0,0.0,0.0,1.0
"Thai eggplant, raw","Cranberries, raw",46.0,0.46,0.13,12.0,3.6,4.27,2.0
"Thai eggplant, raw","Dock, raw",22.0,2.0,0.7,3.2,2.9,0.0,4.0
"Thai eggplant, raw","Elderberries, raw",73.0,0.66,0.5,18.4,7.0,0.0,6.0
"Thai eggplant, raw","Endive, raw",17.0,1.25,0.2,3.35,3.1,0.25,22.0
"Thai eggplant, raw","Epazote, raw",32.0,0.33,0.52,7.44,3.8,0.0,43.0
"Thai eggplant, raw","Eppaw, raw",150.0,4.6,1.8,31.7,0.0,0.0,12.0
"Thai eggplant, raw","Feijoa, raw",61.0,0.71,0.42,15.2,6.4,8.2,3.0
"Thai eggplant, raw","Figs, raw",74.0,0.75,0.3,19.2,2.9,16.3,1.0
"Thai eggplant, raw","Garlic, raw",143.0,6.62,0.38,28.2,2.7,0.0,0.0
"Thai eggplant, raw","Garlic, raw",149.0,6.36,0.5,33.1,2.1,1.0,17.0
"Cucumber, raw","Cucumber, peeled, raw",10.0,0.59,0.16,2.16,0.7,1.38,2.0
"Cucumber, raw","Cucumber, with peel, raw",0.0,0.625,0.178,2.95,0.0,0.0,1.52
"Cucumber, raw","Cucumber, with peel, raw",15.0,0.65,0.11,3.63,0.5,1.67,2.0
"Cucumber, raw","Pickles, cucumber, sour",11.0,0.33,0.2,2.26,1.2,1.06,1210.0
"Cucumber, raw","Pickles, cucumber, dill or kosher dill",12.0,0.48,0.43,1.99,1.0,0.0,808.0
"Cucumber, raw","Pickles, cucumber, dill or kosher dill",12.0,0.5,0.3,2.41,1.0,1.07,809.0
"Cucumber, raw","Pickles, cucumber, dill, reduced sodium",12.0,0.5,0.3,2.41,1.0,1.07,18.0
"Cucumber, raw","Pickles, cucumber, sour, low sodium",11.0,0.33,0.2,2.26,1.2,1.06,18.0
"Cucumber, raw","Sea cucumber, yane (Alaska Native)",56.0,13.0,0.4,0.0,0.0,0.0,0.0
"Cucumber, raw","Abiyuch, raw",69.0,1.5,0.1,17.6,5.3,8.55,20.0
"Cucumber, raw","Apricots, raw",48.0,1.4,0.39,11.1,2.0,9.24,1.0
"Cucumber, raw","Arrowhead, raw",99.0,5.33,0.29,20.2,0.0,0.0,22.0
"Cucumber, raw","Arrowroot, raw",65.0,4.24,0.2,13.4,1.3,0.0,26.0
"Cucumber, raw","Arugula, raw",25.0,2.58,0.66,3.65,1.6,2.05,27.0
"Cucumber, raw","Asparagus, raw",20.0,2.2,0.12,3.88,2.1,1.88,2.0
"Cucumber, raw","Bananas, raw",89.0,1.09,0.33,22.8,2.6,12.2,1.0
"Cucumber, raw","Beets, raw",0.0,1.69,0.302,8.79,3.12,0.0,112.0
"Cucumber, raw","Beets, raw",43.0,1.61,0.17,9.56,2.8,6.76,78.0
"Cucumber, raw","Blackberries, raw",43.0,1.39,0.49,9.61,5.3,4.88,1.0
"Cucumber, raw","Blackberries, raw",0.0,1.53,0.0,0.0,0.0,0.0,1.55
"Cucumber, raw","Blueberries, raw",0.0,0.703,0.306,14.6,0.0,0.0,0.0
"Cucumber, raw","Blueberries, raw",57.0,0.74,0.33,14.5,2.4,9.96,1.0
"Cucumber, raw","Borage, raw",21.0,1.8,0.7,3.06,0.0,0.0,80.0
"Cucumber, raw","Breadfruit, raw",103.0,1.07,0.23,27.1,4.9,11.0,2.0
"Cucumber, raw","Broccoli, raw",31.0,2.57,0.34,6.27,2.4,0.0,36.0
"Cucumber, raw","Broccoli, raw",34.0,2.82,0.37,6.64,2.6,1.7,33.0
"Cucumber, raw","Cabbage, raw",25.0,1.28,0.1,5.8,2.5,3.2,18.0
"Cucumber, raw","Cardoon, raw",17.0,0.7,0.1,4.07,1.6,0.0,170.0
"Cucumber, raw","Carrots, raw",41.0,0.93,0.24,9.58,2.8,4.74,69.0
"Cucumber, raw","Cassava, raw",160.0,1.36,0.28,38.1,1.8,1.7,14.0
"Cucumber, raw","Cauliflower, raw",0.0,1.64,0.238,4.72,1.95,0.0,20.0
"Cucumber, raw","Cauliflower, raw",25.0,1.92,0.28,4.97,2.0,1.91,30.0
"Cucumber, raw","Celeriac, raw",42.0,1.5,0.3,9.2,1.8,1.6,100.0
"Cucumber, raw","Celery, raw",0.0,0.492,0.162,3.32,0.0,0.0,97.2
"Cucumber, raw","Celery, raw",14.0,0.69,0.17,2.97,1.6,1.34,80.0
"Cucumber, raw","Celtuce, raw",18.0,0.85,0.3,3.65,1.7,0.0,11.0
"Cucumber, raw","Cherimoya, raw",75.0,1.57,0.68,17.7,3.0,12.9,7.0
"Cucumber, raw","Chives, raw",30.0,3.27,0.73,4.35,2.5,1.85,3.0
"Cucumber, raw","Clementines, raw",47.0,0.85,0.15,12.0,1.7,9.18,1.0
"Cucumber, raw","Collards, raw",32.0,3.02,0.61,5.42,4.0,0.46,17.0
"Cucumber, raw","Collards, raw",0.0,2.97,0.77,7.02,3.82,0.0,18.4
"Cucumber, raw","Cornsalad, raw",21.0,2.0,0.4,3.6,0.0,0.0,4.0
"Cucumber, raw","Crabapples, raw",76.0,0.4,0.3,20.0,0.0,0.0,1.0
"Cucumber, raw","Cranberries, raw",46.0,0.46,0.13,12.0,3.6,4.27,2.0
"Cucumber, raw","Dock, raw",22.0,2.0,0.7,3.2,2.9,0.0,4.0
"Cucumber, raw","Eggplant, raw",25.0,0.98,0.18,5.88,3.0,3.53,2.0
"Cucumber, raw","Eggplant, raw",0.0,0.852,0.12,5.4,2.45,0.0,0.442
"Cucumber, raw","Elderberries, raw",73.0,0.66,0.5,18.4,7.0,0.0,6.0
"Cucumber, raw","Endive, raw",17.0,1.25,0.2,3.35,3.1,0.25,22.0
"Cucumber, raw","Epazote, raw",32.0,0.33,0.52,7.44,3.8,0.0,43.0
"Papaya, green, raw","Papayas, raw",43.0,0.47,0.26,10.8,1.7,7.82,8.0
"Papaya, green, raw","Asparagus, green, raw",0.0,1.44,0.216,5.1,1.88,0.0,2.46
"Papaya, green, raw","Beet greens, raw",22.0,2.2,0.13,4.33,3.7,0.5,226.0
"Papaya, green, raw","Cabbage, green, raw",0.0,0.961,0.228,6.38,0.0,0.0,16.1
"Papaya, green, raw","Cauliflower, green, raw",31.0,2.95,0.3,6.09,3.2,3.03,23.0
"Papaya, green, raw","Chicory greens, raw",23.0,1.7,0.3,4.7,4.0,0.7,45.0
"Papaya, green, raw","Dandelion greens, raw",45.0,2.7,0.7,9.2,3.5,0.71,76.0
"Papaya, green, raw","Kiwifruit, green, raw",58.0,1.06,0.44,14.0,3.0,0.0,5.0
"Papaya, green, raw","Kiwifruit, green, raw",61.0,1.14,0.52,14.7,3.0,8.99,3.0
"Papaya, green, raw","Mustard greens, raw",27.0,2.86,0.42,4.67,3.2,1.32,20.0
"Papaya, green, raw","Peas, green, raw",81.0,5.42,0.4,14.4,5.7,5.67,5.0
"Papaya, green, raw","Plantains, green, raw",152.0,1.25,0.07,36.7,2.2,2.29,2.0
"Papaya, green, raw","Soybeans, green, raw",147.0,13.0,6.8,11.0,4.2,0.0,15.0
"Papaya, green, raw","Tomatoes, green, raw",23.0,1.2,0.2,5.1,1.1,4.0,13.0
"Papaya, green, raw","Turnip greens, raw",32.0,1.5,0.3,7.13,3.2,0.81,40.0
"Papaya, green, raw","Turtle, green, raw",89.0,19.8,0.5,0.0,0.0,0.0,68.0
"Papaya, green, raw","Beans, snap, green, raw",0.0,1.97,0.275,7.41,3.01,0.0,0.0
"Papaya, green, raw","Beans, snap, green, raw",31.0,1.83,0.22,6.97,2.7,3.26,6.0
"Papaya, green, raw","Grapes, green, seedless, raw",0.0,0.899,0.232,18.6,0.0,0.0,3.17
"Papaya, green, raw","Lettuce, green leaf, raw",15.0,1.36,0.15,2.87,1.3,0.78,28.0
"Papaya, green, raw","Lettuce, leaf, green, raw",0.0,1.09,0.156,4.07,0.0,0.0,28.9
"Papaya, green, raw","Lettuce, romaine, green, raw",0.0,0.977,0.0712,4.06,0.0,0.0,23.0
"Papaya, green, raw","Peppers, bell, green, raw",0.0,0.715,0.106,4.78,0.942,0.0,0.0
"Papaya, green, raw","Peppers, sweet, green, raw",20.0,0.86,0.17,4.64,1.7,2.4,3.0
"Papaya, green, raw","Papaya nectar, canned",57.0,0.17,0.15,14.5,0.6,13.9,5.0
"Papaya, green, raw","Kiwifruit (kiwi), green, peeled, raw",0.0,1.01,0.64,13.8,2.13,0.0,2.28
"Papaya, green, raw","Pear, Anjou, green, with skin, raw",0.0,0.312,0.371,14.8,2.64,0.0,0.398
"Papaya, green, raw","Peppers, hot chili, green, raw",40.0,2.0,0.2,9.46,1.5,5.1,7.0
"Papaya, green, raw","Green onion, (scallion), bulb and greens, root removed, raw",0.0,0.669,0.0,0.0,0.0,0.0,9.95
"Papaya, green, raw","Leeks, bulb and greens, root removed, raw",0.0,1.47,0.0,0.0,0.0,0.0,17.7
"Papaya, green, raw","Peas, green, split, mature seeds, raw",364.0,23.1,3.89,61.6,22.2,3.14,5.0
"Papaya, green, raw","Papaya, canned, heavy syrup, drained",206.0,0.14,0.55,55.8,1.5,52.2,9.0
"Papaya, green, raw","Squash, summer, green, zucchini, includes skin, raw",0.0,0.984,0.205,3.27,0.752,0.0,0.0
"Papaya, green, raw","Babyfood, fruit, guava and papaya with tapioca, strained",63.0,0.2,0.1,17.0,0.0,0.0,4.0
"Papaya, green, raw","Babyfood, fruit, papaya and applesauce with tapioca, strained",70.0,0.2,0.1,18.9,1.4,0.0,5.0
"Papaya, green, raw","Grapes, red or green (European type, such as Thompson seedless), raw",69.0,0.72,0.16,18.1,0.9,15.5,2.0
"Papaya, green, raw","Pears, raw, green anjou (Includes foods for USDA's Food Distribution Program)",66.0,0.44,0.1,15.8,3.1,9.73,1.0
"Papaya, green, raw","Abiyuch, raw",69.0,1.5,0.1,17.6,5.3,8.55,20.0
"Papaya, green, raw","Apricots, raw",48.0,1.4,0.39,11.1,2.0,9.24,1.0
"Papaya, green, raw","Arrowhead, raw",99.0,5.33,0.29,20.2,0.0,0.0,22.0
"Papaya, green, raw","Arrowroot, raw",65.0,4.24,0.2,13.4,1.3,0.0,26.0
"Papaya, green, raw","Arugula, raw",25.0,2.58,0.66,3.65,1.6,2.05,27.0
"Papaya, green, raw","Asparagus, raw",20.0,2.2,0.12,3.88,2.1,1.88,2.0
"Papaya, green, raw","Bananas, raw",89.0,1.09,0.33,22.8,2.6,12.2,1.0
"Papaya, green, raw","Beets, raw",0.0,1.69,0.302,8.79,3.12,0.0,112.0
"Papaya, green, raw","Beets, raw",43.0,1.61,0.17,9.56,2.8,6.76,78.0
"Papaya, green, raw","Blackberries, raw",43.0,1.39,0.49,9.61,5.3,4.88,1.0
"Papaya, green, raw","Blackberries, raw",0.0,1.53,0.0,0.0,0.0,0.0,1.55
"Papaya, green, raw","Blueberries, raw",0.0,0.703,0.306,14.6,0.0,0.0,0.0
"Papaya, green, raw","Blueberries, raw",57.0,0.74,0.33,14.5,2.4,9.96,1.0
"Mushroom, straw, raw","Mushrooms, straw, canned, drained solids",32.0,3.83,0.68,4.64,2.5,0.0,384.0
"Mushroom, straw, raw","Mushrooms, Chanterelle, raw",32.0,1.49,0.53,6.86,3.8,1.16,9.0
"Mushroom, straw, raw","Mushrooms, enoki, raw",37.0,2.66,0.29,7.81,2.7,0.22,3.0
"Mushroom, straw, raw","Mushrooms, maitake, raw",31.0,1.94,0.19,6.97,2.7,2.07,1.0
"Mushroom, straw, raw","Mushrooms, morel, raw",31.0,3.12,0.57,5.1,2.8,0.6,21.0
"Mushroom, straw, raw","Mushrooms, oyster, raw",33.0,3.31,0.41,6.09,2.3,1.11,18.0
"Mushroom, straw, raw","Mushrooms, portabella, raw",22.0,2.11,0.35,3.87,1.3,2.5,9.0
"Mushroom, straw, raw","Mushrooms, shiitake, raw",34.0,2.24,0.49,6.79,2.5,2.38,9.0
"Mushroom, straw, raw","Mushrooms, white, raw",22.0,3.09,0.34,3.26,1.0,1.98,5.0
"Mushroom, straw, raw","Mushrooms, brown, italian, or crimini, raw",22.0,2.5,0.1,4.3,0.6,1.72,6.0
"Mushroom, straw, raw","Mushroom, white, exposed to ultraviolet light, raw",22.0,3.09,0.34,3.26,1.0,1.98,5.0
"Mushroom, straw, raw","Mushrooms, portabella, exposed to ultraviolet light, raw",22.0,2.11,0.35,3.87,1.3,2.5,9.0
"Mushroom, straw, raw","Mushrooms, brown, italian, or crimini, exposed to ultraviolet light, raw",22.0,2.5,0.1,4.3,0.6,1.72,6.0
"Mushroom, straw, raw","Mushroom, beech",0.0,2.18,0.449,6.76,3.14,0.0,0.891
"Mushroom, straw, raw","Mushroom, crimini",0.0,3.09,0.197,4.01,1.78,0.0,4.57
"Mushroom, straw, raw","Mushroom, enoki",0.0,2.42,0.245,8.14,2.94,0.0,0.417
"Mushroom, straw, raw","Mushroom, maitake",0.0,2.2,0.265,6.6,3.07,0.0,0.345
"Mushroom, straw, raw","Mushroom, oyster",0.0,2.9,0.188,6.94,2.85,0.0,1.13
"Mushroom, straw, raw","Mushroom, pioppini",0.0,3.5,0.24,5.76,2.75,0.0,0.0
"Mushroom, straw, raw","Mushroom, portabella",0.0,2.75,0.312,4.66,1.88,0.0,5.31
"Mushroom, straw, raw","Mushrooms, shiitake",0.0,2.41,0.195,8.17,4.17,0.0,0.936
"Mushroom, straw, raw","Gravy, mushroom, canned",50.0,1.26,2.71,5.47,0.4,0.0,570.0
"Mushroom, straw, raw","Mushroom, king oyster",0.0,2.41,0.308,8.5,3.01,0.0,0.771
"Mushroom, straw, raw","Mushroom, lion's mane",0.0,2.5,0.256,7.59,4.38,0.0,0.336
"Mushroom, straw, raw","Mushrooms, portabella, grilled",29.0,3.28,0.58,4.44,2.2,2.26,11.0
"Mushroom, straw, raw","Mushrooms, shiitake, dried",296.0,9.58,0.99,75.4,11.5,2.21,13.0
"Mushroom, straw, raw","Mushrooms, white button",0.0,2.89,0.371,4.08,1.72,0.0,6.44
"Mushroom, straw, raw","Mushrooms, white, microwaved",35.0,3.91,0.46,6.04,2.5,0.0,17.0
"Mushroom, straw, raw","Abiyuch, raw",69.0,1.5,0.1,17.6,5.3,8.55,20.0
"Mushroom, straw, raw","Apricots, raw",48.0,1.4,0.39,11.1,2.0,9.24,1.0
"Mushroom, straw, raw","Arrowhead, raw",99.0,5.33,0.29,20.2,0.0,0.0,22.0
"Mushroom, straw, raw","Arrowroot, raw",65.0,4.24,0.2,13.4,1.3,0.0,26.0
"Mushroom, straw, raw","Arugula, raw",25.0,2.58,0.66,3.65,1.6,2.05,27.0
"Mushroom, straw, raw","Asparagus, raw",20.0,2.2,0.12,3.88,2.1,1.88,2.0
"Mushroom, straw, raw","Bananas, raw",89.0,1.09,0.33,22.8,2.6,12.2,1.0
"Mushroom, straw, raw","Beets, raw",0.0,1.69,0.302,8.79,3.12,0.0,112.0
"Mushroom, straw, raw","Beets, raw",43.0,1.61,0.17,9.56,2.8,6.76,78.0
"Mushroom, straw, raw","Blackberries, raw",43.0,1.39,0.49,9.61,5.3,4.88,1.0
"Mushroom, straw, raw","Blackberries, raw",0.0,1.53,0.0,0.0,0.0,0.0,1.55
"Mushroom, straw, raw","Blueberries, raw",0.0,0.703,0.306,14.6,0.0,0.0,0.0
"Mushroom, straw, raw","Blueberries, raw",57.0,0.74,0.33,14.5,2.4,9.96,1.0
"Mushroom, straw, raw","Borage, raw",21.0,1.8,0.7,3.06,0.0,0.0,80.0
"Mushroom, straw, raw","Breadfruit, raw",103.0,1.07,0.23,27.1,4.9,11.0,2.0
"Mushroom, straw, raw","Broccoli, raw",31.0,2.57,0.34,6.27,2.4,0.0,36.0
"Mushroom, straw, raw","Broccoli, raw",34.0,2.82,0.37,6.64,2.6,1.7,33.0
"Mushroom, straw, raw","Cabbage, raw",25.0,1.28,0.1,5.8,2.5,3.2,18.0
"Mushroom, straw, raw","Cardoon, raw",17.0,0.7,0.1,4.07,1.6,0.0,170.0
"Mushroom, straw, raw","Carrots, raw",41.0,0.93,0.24,9.58,2.8,4.74,69.0
"Mushroom, straw, raw","Cassava, raw",160.0,1.36,0.28,38.1,1.8,1.7,14.0
"Mushroom, straw, raw","Cauliflower, raw",0.0,1.64,0.238,4.72,1.95,0.0,20.0
"Bean sprouts, raw","Beans, kidney, mature seeds, sprouted, raw",29.0,4.2,0.5,4.1,0.0,0.0,6.0
"Bean sprouts, raw","Beans, navy, mature seeds, sprouted, raw",67.0,6.15,0.7,13.0,0.0,0.0,13.0
"Bean sprouts, raw","Beans, pinto, mature seeds, sprouted, raw",62.0,5.25,0.9,11.6,0.0,0.0,153.0
"Bean sprouts, raw","Mung beans, mature seeds, sprouted, raw",30.0,3.04,0.18,5.94,1.8,4.13,6.0
"Bean sprouts, raw","Brussels sprouts, raw",0.0,3.98,0.565,9.62,4.78,0.0,25.7
"Bean sprouts, raw","Brussels sprouts, raw",43.0,3.38,0.3,8.95,3.8,2.2,25.0
"Bean sprouts, raw","Lentils, sprouted, raw",106.0,8.96,0.55,22.1,0.0,0.0,11.0
"Bean sprouts, raw","Alfalfa seeds, sprouted, raw",23.0,3.99,0.69,2.1,1.9,0.2,6.0
"Bean sprouts, raw","Radish seeds, sprouted, raw",43.0,3.81,2.53,3.6,0.0,0.0,6.0
"Bean sprouts, raw","Peas, mature seeds, sprouted, raw",124.0,8.8,0.68,27.1,0.0,0.0,20.0
"Bean sprouts, raw","Soybeans, mature seeds, sprouted, raw",122.0,13.1,6.7,9.57,1.1,0.0,14.0
"Bean sprouts, raw","Yardlong bean, raw",47.0,2.8,0.4,8.35,0.0,0.0,4.0
"Bean sprouts, raw","Beans, fava, in pod, raw",88.0,7.92,0.73,17.6,7.5,9.21,25.0
"Bean sprouts, raw","Beans, snap, green, raw",0.0,1.97,0.275,7.41,3.01,0.0,0.0
"Bean sprouts, raw","Beans, snap, green, raw",31.0,1.83,0.22,6.97,2.7,3.26,6.0
"Bean sprouts, raw","Beans, snap, yellow, raw",31.0,1.82,0.12,7.13,3.4,3.27,6.0
"Bean sprouts, raw","Winged bean leaves, raw",74.0,5.85,1.1,14.1,0.0,0.0,9.0
"Bean sprouts, raw","Winged bean tuber, raw",148.0,11.6,0.9,28.1,0.0,0.0,35.0
"Bean sprouts, raw","Beans, adzuki, mature seeds, raw",329.0,19.9,0.53,62.9,12.7,0.0,5.0
"Bean sprouts, raw","Beans, black, mature seeds, raw",341.0,21.6,1.42,62.4,15.5,2.12,5.0
"Bean sprouts, raw","Beans, french, mature seeds, raw",343.0,18.8,2.02,64.1,25.2,0.0,18.0
"Bean sprouts, raw","Beans, navy, mature seeds, raw",337.0,22.3,1.5,60.8,15.3,3.88,5.0
"Bean sprouts, raw","Beans, pink, mature seeds, raw",343.0,21.0,1.13,64.2,12.7,2.14,8.0
"Bean sprouts, raw","Beans, white, mature seeds, raw",333.0,23.4,0.85,60.3,15.2,2.11,16.0
"Bean sprouts, raw","Beans, yellow, mature seeds, raw",345.0,22.0,2.6,60.7,25.1,0.0,12.0
"Bean sprouts, raw","Hyacinth beans, mature seeds, raw",344.0,23.9,1.69,60.7,25.6,0.0,21.0
"Bean sprouts, raw","Hyacinth-beans, immature seeds, raw",46.0,2.1,0.2,9.19,3.3,4.08,2.0
"Bean sprouts, raw","Lima beans, immature seeds, raw",113.0,6.84,0.86,20.2,4.9,1.48,8.0
"Bean sprouts, raw","Mung beans, mature seeds, raw",347.0,23.9,1.15,62.6,16.3,6.6,15.0
"Bean sprouts, raw","Mungo beans, mature seeds, raw",341.0,25.2,1.64,59.0,18.3,0.0,38.0
"Bean sprouts, raw","Winged beans, immature seeds, raw",49.0,6.95,0.87,4.31,0.0,0.0,4.0
"Bean sprouts, raw","Winged beans, mature seeds, raw",409.0,29.6,16.3,41.7,25.9,0.0,38.0
"Bean sprouts, raw","Yardlong beans, mature seeds, raw",347.0,24.3,1.31,61.9,11.0,0.0,17.0
"Bean sprouts, raw","Beans, mung, mature seeds, sprouted, canned, drained solids",12.0,1.4,0.06,2.14,0.8,0.7,42.0
"Bean sprouts, raw","Mung beans, mature seeds, sprouted, cooked, stir-fried",50.0,4.3,0.21,10.6,1.9,0.0,9.0
"Bean sprouts, raw","Beans, black turtle, mature seeds, raw",339.0,21.2,0.9,63.2,15.5,2.12,9.0
"Bean sprouts, raw","Beans, cranberry (roman), mature seeds, raw",335.0,23.0,1.23,60.0,24.7,0.0,6.0
"Bean sprouts, raw","Beans, kidney, red, mature seeds, raw",337.0,22.5,1.06,61.3,15.2,2.1,12.0
"Bean sprouts, raw","Beans, small white, mature seeds, raw",336.0,21.1,1.18,62.2,24.9,0.0,12.0
"Bean sprouts, raw","Broadbeans (fava beans), mature seeds, raw",341.0,26.1,1.53,58.3,25.0,5.7,13.0
"Bean sprouts, raw","Lima beans, large, mature seeds, raw",338.0,21.5,0.69,63.4,19.0,8.5,18.0
"Bean sprouts, raw","Wheat, sprouted",198.0,7.49,1.27,42.5,1.1,0.0,16.0
"Bean sprouts, raw","Beans, kidney, mature seeds, sprouted, cooked, boiled, drained, with salt",33.0,4.83,0.58,4.72,0.0,0.0,243.0
"Bean sprouts, raw","Beans, navy, mature seeds, sprouted, cooked, boiled, drained, with salt",78.0,7.07,0.81,15.0,0.0,0.0,250.0
"Bean sprouts, raw","Beans, pinto, mature seeds, sprouted, cooked, boiled, drained, with salt",20.0,1.86,0.32,3.5,0.0,0.0,287.0
"Bean sprouts, raw","Mung beans, mature seeds, sprouted, cooked, boiled, drained, with salt",19.0,2.03,0.09,3.6,0.8,2.84,246.0
"Bean sprouts, raw","Beans, kidney, all types, mature seeds, raw",333.0,23.6,0.83,60.0,24.9,2.23,24.0
"Bean sprouts, raw","Beans, kidney, california red, mature seeds, raw",330.0,24.4,0.25,59.8,24.9,0.0,11.0
"Bean sprouts, raw","Beans, kidney, royal red, mature seeds, raw",329.0,25.3,0.45,58.3,24.9,0.0,13.0
"Bean sprouts, raw","Beans, kidney, mature seeds, sprouted, cooked, boiled, drained, without salt",33.0,4.83,0.58,4.72,0.0,0.0,7.0
"Coriander (Cilantro), raw","Coriander (cilantro) leaves, raw",23.0,2.13,0.52,3.67,2.8,0.87,46.0
"Coriander (Cilantro), raw","Spices, coriander seed",298.0,12.4,17.8,55.0,41.9,0.0,35.0
"Coriander (Cilantro), raw","Spices, coriander leaf, dried",279.0,21.9,4.78,52.1,10.4,7.27,211.0
"Coriander (Cilantro), raw","Seasoning mix, dry, sazon, coriander & annatto",0.0,0.0,0.0,0.0,0.0,0.0,17000.0
"Coriander (Cilantro), raw","Abiyuch, raw",69.0,1.5,0.1,17.6,5.3,8.55,20.0
"Coriander (Cilantro), raw","Apricots, raw",48.0,1.4,0.39,11.1,2.0,9.24,1.0
"Coriander (Cilantro), raw","Arrowhead, raw",99.0,5.33,0.29,20.2,0.0,0.0,22.0
"Coriander (Cilantro), raw","Arrowroot, raw",65.0,4.24,0.2,13.4,1.3,0.0,26.0
"Coriander (Cilantro), raw","Arugula, raw",25.0,2.58,0.66,3.65,1.6,2.05,27.0
"Coriander (Cilantro), raw","Asparagus, raw",20.0,2.2,0.12,3.88,2.1,1.88,2.0
"Coriander (Cilantro), raw","Bananas, raw",89.0,1.09,0.33,22.8,2.6,12.2,1.0
"Coriander (Cilantro), raw","Beets, raw",0.0,1.69,0.302,8.79,3.12,0.0,112.0
"Coriander (Cilantro), raw","Beets, raw",43.0,1.61,0.17,9.56,2.8,6.76,78.0
"Coriander (Cilantro), raw","Blackberries, raw",43.0,1.39,0.49,9.61,5.3,4.88,1.0
"Coriander (Cilantro), raw","Blackberries, raw",0.0,1.53,0.0,0.0,0.0,0.0,1.55
"Coriander (Cilantro), raw","Blueberries, raw",0.0,0.703,0.306,14.6,0.0,0.0,0.0
"Coriander (Cilantro), raw","Blueberries, raw",57.0,0.74,0.33,14.5,2.4,9.96,1.0
"Coriander (Cilantro), raw","Borage, raw",21.0,1.8,0.7,3.06,0.0,0.0,80.0
"Coriander (Cilantro), raw","Breadfruit, raw",103.0,1.07,0.23,27.1,4.9,11.0,2.0
"Coriander (Cilantro), raw","Broccoli, raw",31.0,2.57,0.34,6.27,2.4,0.0,36.0
"Coriander (Cilantro), raw","Broccoli, raw",34.0,2.82,0.37,6.64,2.6,1.7,33.0
"Coriander (Cilantro), raw","Cabbage, raw",25.0,1.28,0.1,5.8,2.5,3.2,18.0
"Coriander (Cilantro), raw","Cardoon, raw",17.0,0.7,0.1,4.07,1.6,0.0,170.0
"Coriander (Cilantro), raw","Carrots, raw",41.0,0.93,0.24,9.58,2.8,4.74,69.0
"Coriander (Cilantro), raw","Cassava, raw",160.0,1.36,0.28,38.1,1.8,1.7,14.0
"Coriander (Cilantro), raw","Cauliflower, raw",0.0,1.64,0.238,4.72,1.95,0.0,20.0
"Coriander (Cilantro), raw","Cauliflower, raw",25.0,1.92,0.28,4.97,2.0,1.91,30.0
"Coriander (Cilantro), raw","Celeriac, raw",42.0,1.5,0.3,9.2,1.8,1.6,100.0
"Coriander (Cilantro), raw","Celery, raw",0.0,0.492,0.162,3.32,0.0,0.0,97.2
"Coriander (Cilantro), raw","Celery, raw",14.0,0.69,0.17,2.97,1.6,1.34,80.0
"Coriander (Cilantro), raw","Celtuce, raw",18.0,0.85,0.3,3.65,1.7,0.0,11.0
"Coriander (Cilantro), raw","Cherimoya, raw",75.0,1.57,0.68,17.7,3.0,12.9,7.0
"Coriander (Cilantro), raw","Chives, raw",30.0,3.27,0.73,4.35,2.5,1.85,3.0
"Coriander (Cilantro), raw","Clementines, raw",47.0,0.85,0.15,12.0,1.7,9.18,1.0
"Coriander (Cilantro), raw","Collards, raw",32.0,3.02,0.61,5.42,4.0,0.46,17.0
"Coriander (Cilantro), raw","Collards, raw",0.0,2.97,0.77,7.02,3.82,0.0,18.4
"Coriander (Cilantro), raw","Cornsalad, raw",21.0,2.0,0.4,3.6,0.0,0.0,4.0
"Coriander (Cilantro), raw","Crabapples, raw",76.0,0.4,0.3,20.0,0.0,0.0,1.0
"Coriander (Cilantro), raw","Cranberries, raw",46.0,0.46,0.13,12.0,3.6,4.27,2.0
"Coriander (Cilantro), raw","Dock, raw",22.0,2.0,0.7,3.2,2.9,0.0,4.0
"Coriander (Cilantro), raw","Eggplant, raw",25.0,0.98,0.18,5.88,3.0,3.53,2.0
"Coriander (Cilantro), raw","Eggplant, raw",0.0,0.852,0.12,5.4,2.45,0.0,0.442
"Coriander (Cilantro), raw","Elderberries, raw",73.0,0.66,0.5,18.4,7.0,0.0,6.0
"Coriander (Cilantro), raw","Endive, raw",17.0,1.25,0.2,3.35,3.1,0.25,22.0
"Coriander (Cilantro), raw","Epazote, raw",32.0,0.33,0.52,7.44,3.8,0.0,43.0
"Coriander (Cilantro), raw","Eppaw, raw",150.0,4.6,1.8,31.7,0.0,0.0,12.0
"Coriander (Cilantro), raw","Feijoa, raw",61.0,0.71,0.42,15.2,6.4,8.2,3.0
"Coriander (Cilantro), raw","Figs, raw",74.0,0.75,0.3,19.2,2.9,16.3,1.0
"Coriander (Cilantro), raw","Garlic, raw",143.0,6.62,0.38,28.2,2.7,0.0,0.0
"Coriander (Cilantro), raw","Garlic, raw",149.0,6.36,0.5,33.1,2.1,1.0,17.0
Spring onion,"Onions, spring or scallions (includes tops and bulb), raw",32.0,1.83,0.19,7.34,2.6,2.33,16.0
Spring onion,"Wheat, hard red spring",329.0,15.4,1.92,68.0,12.2,0.41,2.0
Spring onion,"Onions, raw",40.0,1.1,0.1,9.34,1.7,4.24,4.0
Spring onion,"Beverages, water, bottled, POLAND SPRING",0.0,0.0,0.0,0.0,0.0,0.0,1.0
Spring onion,"DENNY'S, onion rings",385.0,5.29,22.2,41.0,2.4,4.76,780.0
Spring onion,"Onions, dehydrated flakes",349.0,8.95,0.46,83.3,9.2,37.4,21.0
Spring onion,"Onions, red, raw",44.0,0.94,0.1,9.93,2.2,0.0,1.0
Spring onion,"Onions, sweet, raw",32.0,0.8,0.08,7.55,0.9,5.02,8.0
Spring onion,"Onions, welsh, raw",34.0,1.9,0.4,6.5,2.4,2.18,17.0
Spring onion,"Onions, white, raw",35.0,0.89,0.13,7.68,1.2,0.0,2.0
Spring onion,"Onions, yellow, raw",38.0,0.83,0.05,8.61,1.9,0.0,1.0
Spring onion,"Onions, yellow, sauteed",123.0,0.95,10.8,7.86,1.7,0.0,12.0
Spring onion,"Spices, onion powder",341.0,10.4,1.04,79.1,15.2,6.63,73.0
Spring onion,"APPLEBEE'S, crunchy onion rings",356.0,4.58,19.6,40.2,3.1,4.48,833.0
Spring onion,"BURGER KING, Onion Rings",417.0,3.86,25.2,43.6,2.7,5.43,776.0
Spring onion,"Crackers, matzo, egg and onion",391.0,10.0,3.9,77.1,5.0,0.0,285.0
Spring onion,"Gravy, onion, dry, mix",322.0,9.0,3.0,67.6,6.0,0.0,4190.0
Spring onion,"Onions, canned, solids and liquids",19.0,0.85,0.09,4.02,1.2,2.2,371.0
Spring onion,"Onions, frozen, chopped, unprepared",29.0,0.79,0.1,6.82,1.8,0.0,12.0
Spring onion,"Onions, frozen, whole, unprepared",35.0,0.89,0.06,8.45,1.7,3.81,10.0
Spring onion,"Peas and onions, frozen, unprepared",70.0,3.98,0.32,13.5,3.5,0.0,61.0
Spring onion,"Soup, onion, canned, condensed",46.0,3.06,1.42,6.68,0.7,2.72,516.0
Spring onion,"Soup, onion, dry, mix",293.0,7.48,0.34,65.1,6.6,4.65,8030.0
Spring onion,"Onions, cooked, boiled, drained, with salt",42.0,1.36,0.19,9.56,1.4,4.73,239.0
Spring onion,"Onions, young green, tops only",27.0,0.97,0.47,5.74,1.8,3.91,15.0
Spring onion,"Peas and onions, canned, solids and liquids",51.0,3.28,0.38,8.57,2.3,0.0,442.0
Spring onion,"Restaurant, family style, onion rings",356.0,4.89,19.3,40.7,2.6,4.68,692.0
Spring onion,"Soup, cream of onion, canned, condensed",88.0,2.2,4.2,10.4,0.4,3.64,637.0
Spring onion,"Tomato products, canned, sauce, with onions",42.0,1.56,0.19,9.94,1.8,0.0,551.0
Spring onion,"SUBWAY, sweet onion chicken teriyaki sub on white bread with lettuce, tomato and sweet onion sauce",155.0,10.9,2.37,22.5,1.2,6.06,305.0
Spring onion,"CRACKER BARREL, onion rings, thick-cut",327.0,4.78,16.0,41.0,2.2,4.82,463.0
Spring onion,"Fast foods, onion rings, breaded and fried",411.0,3.86,25.2,43.6,2.7,5.43,776.0
Spring onion,"Onions, cooked, boiled, drained, without salt",44.0,1.36,0.19,10.2,1.4,4.73,3.0
Spring onion,"Pickles, chowchow, with cauliflower onion mustard, sweet",121.0,1.5,0.9,26.6,1.5,23.9,527.0
Spring onion,"Snacks, corn-based, extruded, onion-flavor",499.0,7.7,22.6,65.1,3.9,4.83,950.0
Spring onion,"Soup, onion, dry, mix, prepared with water",12.0,0.32,0.01,2.77,0.3,0.2,346.0
Spring onion,"Fast foods, submarine sandwich, sweet onion chicken teriyaki on white bread with lettuce, tomato and sweet onion sauce",155.0,10.9,2.37,22.5,1.2,6.06,305.0
Spring onion,"Onion rings, breaded, par fried, frozen, unprepared",258.0,3.15,14.1,30.5,1.8,0.0,246.0
Spring onion,"Onions, frozen, chopped, cooked, boiled, drained, with salt",26.0,0.77,0.1,6.0,1.7,2.9,248.0
Spring onion,"Onions, frozen, whole, cooked, boiled, drained, with salt",26.0,0.71,0.05,6.11,1.4,2.9,244.0
Spring onion,"Peas and onions, frozen, cooked, boiled, drained, with salt",45.0,2.54,0.2,8.63,2.2,3.77,273.0
Spring onion,"Snacks, FRITOLAY, SUNCHIPS, multigrain, French onion flavor",496.0,8.68,22.2,65.5,7.8,8.82,467.0
Spring onion,"Snacks, potato chips, sour-cream-and-onion-flavor",531.0,8.1,33.9,51.5,5.2,0.0,549.0
Spring onion,"Green onion, (scallion), bulb and greens, root removed, raw",0.0,0.669,0.0,0.0,0.0,0.0,9.95
Spring onion,"Onions, frozen, chopped, cooked, boiled, drained, without salt",28.0,0.77,0.1,6.59,1.8,2.9,12.0
Spring onion,"Onions, frozen, whole, cooked, boiled, drained, without salt",28.0,0.71,0.05,6.7,1.4,2.9,8.0
Spring onion,"Peas and onions, frozen, cooked, boiled, drained, without salt",45.0,2.54,0.2,8.63,2.2,3.77,37.0
Spring onion,"Soup, cream of onion, canned, prepared with equal volume milk",75.0,2.74,3.78,7.4,0.3,0.0,405.0
Spring onion,"Soup, cream of onion, canned, prepared with equal volume water",44.0,1.13,2.16,5.2,0.4,0.0,380.0
Spring onion,"Tomato products, canned, sauce, with onions, green peppers, and celery",41.0,0.94,0.74,8.77,1.4,7.36,368.0
"Lime, raw","Limes, raw",30.0,0.7,0.2,10.5,2.8,1.69,2.0
"Lime, raw","Lime juice, raw",25.0,0.42,0.07,8.42,0.4,1.69,2.0
"Lime, raw","Abiyuch, raw",69.0,1.5,0.1,17.6,5.3,8.55,20.0
"Lime, raw","Apricots, raw",48.0,1.4,0.39,11.1,2.0,9.24,1.0
"Lime, raw","Arrowhead, raw",99.0,5.33,0.29,20.2,0.0,0.0,22.0
"Lime, raw","Arrowroot, raw",65.0,4.24,0.2,13.4,1.3,0.0,26.0
"Lime, raw","Arugula, raw",25.0,2.58,0.66,3.65,1.6,2.05,27.0
"Lime, raw","Asparagus, raw",20.0,2.2,0.12,3.88,2.1,1.88,2.0
"Lime, raw","Bananas, raw",89.0,1.09,0.33,22.8,2.6,12.2,1.0
"Lime, raw","Beets, raw",0.0,1.69,0.302,8.79,3.12,0.0,112.0
"Lime, raw","Beets, raw",43.0,1.61,0.17,9.56,2.8,6.76,78.0
"Lime, raw","Blackberries, raw",43.0,1.39,0.49,9.61,5.3,4.88,1.0
"Lime, raw","Blackberries, raw",0.0,1.53,0.0,0.0,0.0,0.0,1.55
"Lime, raw","Blueberries, raw",0.0,0.703,0.306,14.6,0.0,0.0,0.0
"Lime, raw","Blueberries, raw",57.0,0.74,0.33,14.5,2.4,9.96,1.0
"Lime, raw","Borage, raw",21.0,1.8,0.7,3.06,0.0,0.0,80.0
"Lime, raw","Breadfruit, raw",103.0,1.07,0.23,27.1,4.9,11.0,2.0
"Lime, raw","Broccoli, raw",31.0,2.57,0.34,6.27,2.4,0.0,36.0
"Lime, raw","Broccoli, raw",34.0,2.82,0.37,6.64,2.6,1.7,33.0
"Lime, raw","Cabbage, raw",25.0,1.28,0.1,5.8,2.5,3.2,18.0
"Lime, raw","Cardoon, raw",17.0,0.7,0.1,4.07,1.6,0.0,170.0
"Lime, raw","Carrots, raw",41.0,0.93,0.24,9.58,2.8,4.74,69.0
"Lime, raw","Cassava, raw",160.0,1.36,0.28,38.1,1.8,1.7,14.0
"Lime, raw","Cauliflower, raw",0.0,1.64,0.238,4.72,1.95,0.0,20.0
"Lime, raw","Cauliflower, raw",25.0,1.92,0.28,4.97,2.0,1.91,30.0
"Lime, raw","Celeriac, raw",42.0,1.5,0.3,9.2,1.8,1.6,100.0
"Lime, raw","Celery, raw",0.0,0.492,0.162,3.32,0.0,0.0,97.2
"Lime, raw","Celery, raw",14.0,0.69,0.17,2.97,1.6,1.34,80.0
"Lime, raw","Celtuce, raw",18.0,0.85,0.3,3.65,1.7,0.0,11.0
"Lime, raw","Cherimoya, raw",75.0,1.57,0.68,17.7,3.0,12.9,7.0
"Lime, raw","Chives, raw",30.0,3.27,0.73,4.35,2.5,1.85,3.0
"Lime, raw","Clementines, raw",47.0,0.85,0.15,12.0,1.7,9.18,1.0
"Lime, raw","Collards, raw",32.0,3.02,0.61,5.42,4.0,0.46,17.0
"Lime, raw","Collards, raw",0.0,2.97,0.77,7.02,3.82,0.0,18.4
"Lime, raw","Cornsalad, raw",21.0,2.0,0.4,3.6,0.0,0.0,4.0
"Lime, raw","Crabapples, raw",76.0,0.4,0.3,20.0,0.0,0.0,1.0
"Lime, raw","Cranberries, raw",46.0,0.46,0.13,12.0,3.6,4.27,2.0
"Lime, raw","Dock, raw",22.0,2.0,0.7,3.2,2.9,0.0,4.0
"Lime, raw","Eggplant, raw",25.0,0.98,0.18,5.88,3.0,3.53,2.0
"Lime, raw","Eggplant, raw",0.0,0.852,0.12,5.4,2.45,0.0,0.442
"Lime, raw","Elderberries, raw",73.0,0.66,0.5,18.4,7.0,0.0,6.0
"Lime, raw","Endive, raw",17.0,1.25,0.2,3.35,3.1,0.25,22.0
"Lime, raw","Epazote, raw",32.0,0.33,0.52,7.44,3.8,0.0,43.0
"Lime, raw","Eppaw, raw",150.0,4.6,1.8,31.7,0.0,0.0,12.0
"Lime, raw","Feijoa, raw",61.0,0.71,0.42,15.2,6.4,8.2,3.0
"Lime, raw","Figs, raw",74.0,0.75,0.3,19.2,2.9,16.3,1.0
"Lime, raw","Garlic, raw",143.0,6.62,0.38,28.2,2.7,0.0,0.0
"Lime, raw","Garlic, raw",149.0,6.36,0.5,33.1,2.1,1.0,17.0
"Lime, raw","Gooseberries, raw",44.0,0.88,0.58,10.2,4.3,0.0,1.0
"Lime, raw","Jackfruit, raw",95.0,1.72,0.64,23.2,1.5,19.1,2.0
"Coconut milk, canned","Nuts, coconut cream, canned, sweetened",357.0,1.17,16.3,53.2,0.2,51.5,36.0
"Coconut milk, canned","Nuts, coconut milk, canned (liquid expressed from grated meat and water)",197.0,2.02,21.3,2.81,0.0,0.0,13.0
"Coconut milk, canned","Milk, canned, condensed, sweetened",321.0,7.91,8.7,54.4,0.0,54.4,127.0
"Coconut milk, canned","Milk, canned, evaporated, with added vitamin A",134.0,6.81,7.56,10.0,0.0,0.0,106.0
"Coconut milk, canned","Nuts, coconut meat, dried (desiccated), sweetened, flaked, canned",443.0,3.35,31.7,40.9,4.5,0.0,20.0
"Coconut milk, canned","Soup, cheese, canned, prepared with equal volume milk",92.0,3.77,5.8,6.47,0.4,0.0,406.0
"Coconut milk, canned","Milk, canned, evaporated, nonfat, with added vitamin A and vitamin D",78.0,7.55,0.2,11.4,0.0,11.4,115.0
"Coconut milk, canned","Soup, cream of asparagus, canned, prepared with equal volume milk",65.0,2.55,3.3,6.61,0.3,0.0,420.0
"Coconut milk, canned","Soup, cream of celery, canned, prepared with equal volume milk",66.0,2.29,3.91,5.86,0.3,0.0,272.0
"Coconut milk, canned","Soup, cream of chicken, canned, prepared with equal volume milk",77.0,3.01,4.62,6.04,0.1,0.0,362.0
"Coconut milk, canned","Soup, cream of onion, canned, prepared with equal volume milk",75.0,2.74,3.78,7.4,0.3,0.0,405.0
"Coconut milk, canned","Soup, cream of potato, canned, prepared with equal volume milk",60.0,2.33,2.6,6.92,0.2,0.0,230.0
"Coconut milk, canned","Soup, oyster stew, canned, prepared with equal volume milk",55.0,2.51,3.24,3.99,0.0,0.0,425.0
"Coconut milk, canned","Soup, pea, green, canned, prepared with equal volume milk",94.0,4.97,2.77,12.7,1.1,0.0,352.0
"Coconut milk, canned","Soup, tomato bisque, canned, prepared with equal volume milk",79.0,2.51,2.63,11.7,0.2,0.0,442.0
"Coconut milk, canned","Butterbur, canned",3.0,0.11,0.13,0.38,0.0,0.0,4.0
"Coconut milk, canned","Capers, canned",23.0,2.36,0.86,4.89,3.2,0.41,2350.0
"Coconut milk, canned","Pimento, canned",23.0,1.1,0.3,5.1,1.9,2.71,14.0
"Coconut milk, canned","Salmon, sockeye, canned, total can contents",153.0,20.6,7.17,0.0,0.0,0.0,433.0
"Coconut milk, canned","Milk, canned, evaporated, with added vitamin D and without added vitamin A",134.0,6.81,7.56,10.0,0.0,10.0,106.0
"Coconut milk, canned","Fish, salmon, pink, canned, total can contents",129.0,19.7,4.97,0.0,0.0,0.0,403.0
"Coconut milk, canned","Soup, tomato, canned, prepared with equal volume low fat (2%) milk",55.0,2.42,1.24,9.82,0.5,6.59,206.0
"Coconut milk, canned","Blackberry juice, canned",38.0,0.3,0.6,7.8,0.1,7.7,1.0
"Coconut milk, canned","Carrot juice, canned",40.0,0.95,0.15,9.28,0.8,3.91,66.0
"Coconut milk, canned","Chicken, canned, no broth",185.0,25.3,8.1,0.9,0.0,0.0,482.0
"Coconut milk, canned","Chili with beans, canned",103.0,6.12,3.76,13.2,3.3,1.65,423.0
"Coconut milk, canned","Grape leaves, canned",69.0,4.27,1.97,11.7,9.9,0.0,2850.0
"Coconut milk, canned","Gravy, mushroom, canned",50.0,1.26,2.71,5.47,0.4,0.0,570.0
"Coconut milk, canned","Guanabana nectar, canned",59.0,0.11,0.17,14.9,0.1,13.1,8.0
"Coconut milk, canned","Ham, chopped, canned",239.0,16.1,18.8,0.26,0.0,0.0,1280.0
"Coconut milk, canned","Ham, chopped, not canned",221.0,16.5,16.7,0.0,0.0,5.0,1190.0
"Coconut milk, canned","Hearts of palm, canned",28.0,2.52,0.62,4.62,2.4,0.0,426.0
"Coconut milk, canned","Hominy, canned, white",72.0,1.48,0.88,14.3,2.5,1.51,267.0
"Coconut milk, canned","Hominy, canned, yellow",72.0,1.48,0.88,14.3,2.5,0.0,345.0
"Coconut milk, canned","Mango nectar, canned",51.0,0.11,0.06,13.1,0.3,12.4,5.0
"Coconut milk, canned","Papaya nectar, canned",57.0,0.17,0.15,14.5,0.6,13.9,5.0
"Coconut milk, canned","Prune juice, canned",71.0,0.61,0.03,17.4,1.0,16.4,4.0
"Coconut milk, canned","Pumpkin, canned, with salt",34.0,1.1,0.28,8.09,2.9,3.3,241.0
"Coconut milk, canned","Tamarind nectar, canned",57.0,0.09,0.12,14.7,0.5,12.7,7.0
"Coconut milk, canned","Tomato, puree, canned",0.0,1.58,0.265,8.04,1.97,0.0,29.4
"Coconut milk, canned","Tomatoes, crushed, canned",32.0,1.64,0.28,7.29,1.9,4.4,186.0
"Coconut milk, canned","Tomatoes, crushed, canned",0.0,1.44,0.398,7.14,1.94,0.0,140.0
"Coconut milk, canned","Soup, cream of mushroom, canned, prepared with equal volume low fat (2%) milk",65.0,2.36,3.58,5.76,0.3,2.82,357.0
"Coconut milk, canned","Soup, cream of shrimp, canned, prepared with equal volume low fat (2%) milk",61.0,2.78,3.23,5.64,0.1,2.62,354.0
"Coconut milk, canned","Beverages, coconut milk, sweetened, fortified with calcium, vitamins A, B12, D2",31.0,0.21,2.08,2.92,0.0,2.5,19.0
"Coconut milk, canned","Puddings, coconut cream, dry mix, instant, prepared with 2% milk",107.0,2.9,2.3,19.2,0.1,0.0,246.0
"Coconut milk, canned","Puddings, coconut cream, dry mix, instant, prepared with whole milk",117.0,2.9,3.5,19.1,0.1,0.0,246.0
"Coconut milk, canned","Puddings, coconut cream, dry mix, regular, prepared with 2% milk",104.0,3.1,2.5,17.8,0.2,0.0,163.0
"Coconut milk, canned","Puddings, coconut cream, dry mix, regular, prepared with whole milk",114.0,3.0,3.8,17.7,0.2,0.0,162.0
"Coconut milk, canned","Alcoholic beverage, daiquiri, canned",125.0,0.0,0.0,15.7,0.0,0.0,40.0
Tamarind paste,"Candies, Tamarind",331.0,0.0,0.0,92.0,2.5,78.6,1640.0
Tamarind paste,"Tamarinds, raw",239.0,2.8,0.6,62.5,5.1,38.8,28.0
Tamarind paste,"Tamarind nectar, canned",57.0,0.09,0.12,14.7,0.5,12.7,7.0
Tamarind paste,"Nuts, almond paste",458.0,9.0,27.7,47.8,4.8,36.2,9.0
Tamarind paste,"Seeds, sesame butter, paste",586.0,18.1,50.9,24.0,5.5,0.0,12.0
Tamarind paste,"Tomato, paste, canned, without salt added",0.0,4.23,0.732,20.2,4.7,0.0,61.2
Tamarind paste,"Tomato products, canned, paste, without salt added (Includes foods for USDA's Food Distribution Program)",82.0,4.32,0.47,18.9,4.1,12.2,59.0
"Pineapple, raw","Pineapple, raw",0.0,0.461,0.211,14.1,0.935,0.0,0.0
"Pineapple, raw","Pineapple, raw, all varieties",50.0,0.54,0.12,13.1,1.4,9.85,1.0
"Pineapple, raw","Pineapple, raw, traditional varieties",45.0,0.55,0.13,11.8,0.0,8.29,1.0
"Pineapple, raw","Pineapple, raw, extra sweet variety",51.0,0.53,0.11,13.5,1.4,10.3,1.0
"Pineapple, raw","Toppings, pineapple",253.0,0.1,0.1,66.4,0.4,21.0,42.0
"Pineapple, raw","Abiyuch, raw",69.0,1.5,0.1,17.6,5.3,8.55,20.0
"Pineapple, raw","Apricots, raw",48.0,1.4,0.39,11.1,2.0,9.24,1.0
"Pineapple, raw","Arrowhead, raw",99.0,5.33,0.29,20.2,0.0,0.0,22.0
"Pineapple, raw","Arrowroot, raw",65.0,4.24,0.2,13.4,1.3,0.0,26.0
"Pineapple, raw","Arugula, raw",25.0,2.58,0.66,3.65,1.6,2.05,27.0
"Pineapple, raw","Asparagus, raw",20.0,2.2,0.12,3.88,2.1,1.88,2.0
"Pineapple, raw","Bananas, raw",89.0,1.09,0.33,22.8,2.6,12.2,1.0
"Pineapple, raw","Beets, raw",0.0,1.69,0.302,8.79,3.12,0.0,112.0
"Pineapple, raw","Beets, raw",43.0,1.61,0.17,9.56,2.8,6.76,78.0
"Pineapple, raw","Blackberries, raw",43.0,1.39,0.49,9.61,5.3,4.88,1.0
"Pineapple, raw","Blackberries, raw",0.0,1.53,0.0,0.0,0.0,0.0,1.55
"Pineapple, raw","Blueberries, raw",0.0,0.703,0.306,14.6,0.0,0.0,0.0
"Pineapple, raw","Blueberries, raw",57.0,0.74,0.33,14.5,2.4,9.96,1.0
"Pineapple, raw","Borage, raw",21.0,1.8,0.7,3.06,0.0,0.0,80.0
"Pineapple, raw","Breadfruit, raw",103.0,1.07,0.23,27.1,4.9,11.0,2.0
"Pineapple, raw","Broccoli, raw",31.0,2.57,0.34,6.27,2.4,0.0,36.0
"Pineapple, raw","Broccoli, raw",34.0,2.82,0.37,6.64,2.6,1.7,33.0
"Pineapple, raw","Cabbage, raw",25.0,1.28,0.1,5.8,2.5,3.2,18.0
"Pineapple, raw","Cardoon, raw",17.0,0.7,0.1,4.07,1.6,0.0,170.0
"Pineapple, raw","Carrots, raw",41.0,0.93,0.24,9.58,2.8,4.74,69.0
"Pineapple, raw","Cassava, raw",160.0,1.36,0.28,38.1,1.8,1.7,14.0
"Pineapple, raw","Cauliflower, raw",0.0,1.64,0.238,4.72,1.95,0.0,20.0
"Pineapple, raw","Cauliflower, raw",25.0,1.92,0.28,4.97,2.0,1.91,30.0
"Pineapple, raw","Celeriac, raw",42.0,1.5,0.3,9.2,1.8,1.6,100.0
"Pineapple, raw","Celery, raw",0.0,0.492,0.162,3.32,0.0,0.0,97.2
"Pineapple, raw","Celery, raw",14.0,0.69,0.17,2.97,1.6,1.34,80.0
"Pineapple, raw","Celtuce, raw",18.0,0.85,0.3,3.65,1.7,0.0,11.0
"Pineapple, raw","Cherimoya, raw",75.0,1.57,0.68,17.7,3.0,12.9,7.0
"Pineapple, raw","Chives, raw",30.0,3.27,0.73,4.35,2.5,1.85,3.0
"Pineapple, raw","Clementines, raw",47.0,0.85,0.15,12.0,1.7,9.18,1.0
"Pineapple, raw","Collards, raw",32.0,3.02,0.61,5.42,4.0,0.46,17.0
"Pineapple, raw","Collards, raw",0.0,2.97,0.77,7.02,3.82,0.0,18.4
"Pineapple, raw","Cornsalad, raw",21.0,2.0,0.4,3.6,0.0,0.0,4.0
"Pineapple, raw","Crabapples, raw",76.0,0.4,0.3,20.0,0.0,0.0,1.0
"Pineapple, raw","Cranberries, raw",46.0,0.46,0.13,12.0,3.6,4.27,2.0
"Pineapple, raw","Dock, raw",22.0,2.0,0.7,3.2,2.9,0.0,4.0
"Pineapple, raw","Eggplant, raw",25.0,0.98,0.18,5.88,3.0,3.53,2.0
"Pineapple, raw","Eggplant, raw",0.0,0.852,0.12,5.4,2.45,0.0,0.442
"Pineapple, raw","Elderberries, raw",73.0,0.66,0.5,18.4,7.0,0.0,6.0
"Pineapple, raw","Endive, raw",17.0,1.25,0.2,3.35,3.1,0.25,22.0
"Pineapple, raw","Epazote, raw",32.0,0.33,0.52,7.44,3.8,0.0,43.0
"Pineapple, raw","Eppaw, raw",150.0,4.6,1.8,31.7,0.0,0.0,12.0
"Pineapple, raw","Feijoa, raw",61.0,0.71,0.42,15.2,6.4,8.2,3.0
"Pineapple, raw","Figs, raw",74.0,0.75,0.3,19.2,2.9,16.3,1.0
"Pineapple, raw","Garlic, raw",143.0,6.62,0.38,28.2,2.7,0.0,0.0
"Mango, raw","Mangos, raw",60.0,0.82,0.38,15.0,1.6,13.7,1.0
"Mango, raw","Mango, Ataulfo, peeled, raw",0.0,0.688,0.681,17.4,1.29,0.0,0.0
"Mango, raw","Mango, Tommy Atkins, peeled, raw",0.0,0.562,0.572,15.3,1.75,0.0,0.0
"Mango, raw","Abiyuch, raw",69.0,1.5,0.1,17.6,5.3,8.55,20.0
"Mango, raw","Apricots, raw",48.0,1.4,0.39,11.1,2.0,9.24,1.0
"Mango, raw","Arrowhead, raw",99.0,5.33,0.29,20.2,0.0,0.0,22.0
"Mango, raw","Arrowroot, raw",65.0,4.24,0.2,13.4,1.3,0.0,26.0
"Mango, raw","Arugula, raw",25.0,2.58,0.66,3.65,1.6,2.05,27.0
"Mango, raw","Asparagus, raw",20.0,2.2,0.12,3.88,2.1,1.88,2.0
"Mango, raw","Bananas, raw",89.0,1.09,0.33,22.8,2.6,12.2,1.0
"Mango, raw","Beets, raw",0.0,1.69,0.302,8.79,3.12,0.0,112.0
"Mango, raw","Beets, raw",43.0,1.61,0.17,9.56,2.8,6.76,78.0
"Mango, raw","Blackberries, raw",43.0,1.39,0.49,9.61,5.3,4.88,1.0
"Mango, raw","Blackberries, raw",0.0,1.53,0.0,0.0,0.0,0.0,1.55
"Mango, raw","Blueberries, raw",0.0,0.703,0.306,14.6,0.0,0.0,0.0
"Mango, raw","Blueberries, raw",57.0,0.74,0.33,14.5,2.4,9.96,1.0
"Mango, raw","Borage, raw",21.0,1.8,0.7,3.06,0.0,0.0,80.0
"Mango, raw","Breadfruit, raw",103.0,1.07,0.23,27.1,4.9,11.0,2.0
"Mango, raw","Broccoli, raw",31.0,2.57,0.34,6.27,2.4,0.0,36.0
"Mango, raw","Broccoli, raw",34.0,2.82,0.37,6.64,2.6,1.7,33.0
"Mango, raw","Cabbage, raw",25.0,1.28,0.1,5.8,2.5,3.2,18.0
"Mango, raw","Cardoon, raw",17.0,0.7,0.1,4.07,1.6,0.0,170.0
"Mango, raw","Carrots, raw",41.0,0.93,0.24,9.58,2.8,4.74,69.0
"Mango, raw","Cassava, raw",160.0,1.36,0.28,38.1,1.8,1.7,14.0
"Mango, raw","Cauliflower, raw",0.0,1.64,0.238,4.72,1.95,0.0,20.0
"Mango, raw","Cauliflower, raw",25.0,1.92,0.28,4.97,2.0,1.91,30.0
"Mango, raw","Celeriac, raw",42.0,1.5,0.3,9.2,1.8,1.6,100.0
"Mango, raw","Celery, raw",0.0,0.492,0.162,3.32,0.0,0.0,97.2
"Mango, raw","Celery, raw",14.0,0.69,0.17,2.97,1.6,1.34,80.0
"Mango, raw","Celtuce, raw",18.0,0.85,0.3,3.65,1.7,0.0,11.0
"Mango, raw","Cherimoya, raw",75.0,1.57,0.68,17.7,3.0,12.9,7.0
"Mango, raw","Chives, raw",30.0,3.27,0.73,4.35,2.5,1.85,3.0
"Mango, raw","Clementines, raw",47.0,0.85,0.15,12.0,1.7,9.18,1.0
"Mango, raw","Collards, raw",32.0,3.02,0.61,5.42,4.0,0.46,17.0
"Mango, raw","Collards, raw",0.0,2.97,0.77,7.02,3.82,0.0,18.4
"Mango, raw","Cornsalad, raw",21.0,2.0,0.4,3.6,0.0,0.0,4.0
"Mango, raw","Crabapples, raw",76.0,0.4,0.3,20.0,0.0,0.0,1.0
"Mango, raw","Cranberries, raw",46.0,0.46,0.13,12.0,3.6,4.27,2.0
"Mango, raw","Dock, raw",22.0,2.0,0.7,3.2,2.9,0.0,4.0
"Mango, raw","Eggplant, raw",25.0,0.98,0.18,5.88,3.0,3.53,2.0
"Mango, raw","Eggplant, raw",0.0,0.852,0.12,5.4,2.45,0.0,0.442
"Mango, raw","Elderberries, raw",73.0,0.66,0.5,18.4,7.0,0.0,6.0
"Mango, raw","Endive, raw",17.0,1.25,0.2,3.35,3.1,0.25,22.0
"Mango, raw","Epazote, raw",32.0,0.33,0.52,7.44,3.8,0.0,43.0
"Mango, raw","Eppaw, raw",150.0,4.6,1.8,31.7,0.0,0.0,12.0
"Mango, raw","Feijoa, raw",61.0,0.71,0.42,15.2,6.4,8.2,3.0
"Mango, raw","Figs, raw",74.0,0.75,0.3,19.2,2.9,16.3,1.0
"Mango, raw","Garlic, raw",143.0,6.62,0.38,28.2,2.7,0.0,0.0
"Mango, raw","Garlic, raw",149.0,6.36,0.5,33.1,2.1,1.0,17.0
"Mango, raw","Gooseberries, raw",44.0,0.88,0.58,10.2,4.3,0.0,1.0
"Jasmine rice, uncooked","Rice, white, glutinous, unenriched, uncooked",370.0,6.81,0.55,81.7,2.8,0.0,7.0
"Jasmine rice, uncooked","Rice, white, short-grain, enriched, uncooked",358.0,6.5,0.52,79.2,2.8,0.0,1.0
"Jasmine rice, uncooked","Quinoa, uncooked",368.0,14.1,6.07,64.2,7.0,0.0,5.0
"Jasmine rice, uncooked","Spelt, uncooked",338.0,14.6,2.43,70.2,10.7,6.82,8.0
"Jasmine rice, uncooked","Teff, uncooked",367.0,13.3,2.38,73.1,8.0,1.84,12.0
"Jasmine rice, uncooked","Amaranth grain, uncooked",371.0,13.6,7.02,65.2,6.7,1.69,4.0
"Jasmine rice, uncooked","Figs, dried, uncooked",249.0,3.3,0.92,63.9,9.8,0.0,10.0
"Jasmine rice, uncooked","Figs, dried, uncooked",249.0,3.3,0.93,63.9,9.8,47.9,10.0
"Jasmine rice, uncooked","Rhubarb, frozen, uncooked",21.0,0.55,0.11,5.1,1.8,1.1,2.0
"Jasmine rice, uncooked","Wheat, khorasan, uncooked",337.0,14.5,2.13,70.6,11.1,7.84,5.0
"Jasmine rice, uncooked","Apples, dried, sulfured, uncooked",243.0,0.93,0.32,65.9,8.7,57.2,87.0
"Jasmine rice, uncooked","Apricots, dried, sulfured, uncooked",241.0,3.39,0.51,62.6,7.3,53.4,10.0
"Jasmine rice, uncooked","Chicken patty, frozen, uncooked",292.0,14.3,20.0,13.6,1.2,0.0,518.0
"Jasmine rice, uncooked","Peaches, dried, sulfured, uncooked",239.0,3.61,0.76,61.3,8.2,41.7,7.0
"Jasmine rice, uncooked","Pears, dried, sulfured, uncooked",262.0,1.87,0.63,69.7,7.5,62.2,6.0
"Jasmine rice, uncooked","Plums, dried (prunes), uncooked",240.0,2.18,0.38,63.9,7.1,38.1,2.0
"Jasmine rice, uncooked","Chicken breast tenders, breaded, uncooked",263.0,14.7,15.8,15.0,1.1,0.37,536.0
"Jasmine rice, uncooked","Prunes, dehydrated (low-moisture), uncooked",339.0,3.7,0.73,89.1,0.0,0.0,5.0
"Jasmine rice, uncooked","Apples, dehydrated (low moisture), sulfured, uncooked",346.0,1.32,0.58,93.5,12.4,81.1,124.0
"Jasmine rice, uncooked","Apricots, dehydrated (low-moisture), sulfured, uncooked",320.0,4.9,0.62,82.9,0.0,0.0,13.0
"Jasmine rice, uncooked","Peaches, dehydrated (low-moisture), sulfured, uncooked",325.0,4.89,1.03,83.2,0.0,0.0,10.0
"Jasmine rice, uncooked","Macaroni and cheese dinner with dry sauce mix, boxed, uncooked",379.0,13.9,4.82,70.1,3.2,9.61,680.0
"Jasmine rice, uncooked","Beef, New Zealand, imported, variety meats and by-products, tripe uncooked, raw",77.0,14.9,1.98,0.0,0.0,0.0,81.0
"Jasmine rice, uncooked",Rice crackers,416.0,10.0,5.0,82.6,0.0,0.0,233.0
"Jasmine rice, uncooked","Snacks, rice cakes, brown rice, buckwheat",380.0,9.0,3.5,80.1,3.8,0.0,116.0
"Jasmine rice, uncooked","Snacks, rice cakes, brown rice, corn",385.0,8.4,3.2,81.2,2.9,0.0,167.0
"Jasmine rice, uncooked","Snacks, rice cakes, brown rice, multigrain",387.0,8.5,3.5,80.1,3.0,0.0,252.0
"Jasmine rice, uncooked","Snacks, rice cakes, brown rice, rye",386.0,8.1,3.8,79.9,4.0,0.0,110.0
"Jasmine rice, uncooked","Snacks, rice cracker brown rice, plain",387.0,8.2,2.8,81.5,4.2,0.89,166.0
"Jasmine rice, uncooked","Rice and vermicelli mix, rice pilaf flavor, unprepared",359.0,10.4,1.37,76.3,1.2,1.53,1300.0
"Jasmine rice, uncooked","Snacks, rice cakes, brown rice, buckwheat, unsalted",380.0,9.0,3.5,80.1,0.0,0.0,4.0
"Jasmine rice, uncooked","Snacks, rice cakes, brown rice, multigrain, unsalted",387.0,8.5,3.5,80.1,0.0,0.0,4.0
"Jasmine rice, uncooked","Snacks, rice cakes, brown rice, plain, unsalted",387.0,8.2,2.8,81.5,4.2,0.88,26.0
"Jasmine rice, uncooked","Snacks, rice cakes, brown rice, sesame seed",392.0,7.6,3.8,81.5,5.4,0.0,227.0
"Jasmine rice, uncooked","Bread, rice bran",243.0,8.9,4.6,43.5,4.9,4.67,269.0
"Jasmine rice, uncooked","Flour, rice, brown",365.0,7.19,3.85,75.5,0.0,0.0,1.0
"Jasmine rice, uncooked","Flour, rice, glutinous",358.0,6.69,1.16,80.1,0.0,0.0,6.0
"Jasmine rice, uncooked","Oil, rice bran",884.0,0.0,100.0,0.0,0.0,0.0,0.0
"Jasmine rice, uncooked","ON THE BORDER, Mexican rice",195.0,3.56,4.86,34.2,1.1,1.38,677.0
"Jasmine rice, uncooked","Rice bran, crude",316.0,13.4,20.8,49.7,21.0,0.9,5.0
"Jasmine rice, uncooked","Rice flour, brown",363.0,7.23,2.78,76.5,4.6,0.66,8.0
"Jasmine rice, uncooked","Rice noodles, cooked",108.0,1.79,0.2,24.0,1.0,0.03,19.0
"Jasmine rice, uncooked","Rice noodles, dry",364.0,5.95,0.56,80.2,1.6,0.12,182.0
"Jasmine rice, uncooked","Wild rice, cooked",101.0,3.99,0.34,21.3,1.8,0.73,3.0
"Jasmine rice, uncooked","Wild rice, raw",357.0,14.7,1.08,74.9,6.2,2.5,7.0
"Jasmine rice, uncooked","Beverages, rice milk, unsweetened",47.0,0.28,0.97,9.17,0.3,5.28,39.0
"Jasmine rice, uncooked","Rice cake, cracker (include hain mini rice cakes)",392.0,7.1,4.3,81.1,4.2,0.88,71.0
"Jasmine rice, uncooked","Snacks, rice cakes, brown rice, sesame seed, unsalted",392.0,7.6,3.8,81.5,0.0,0.0,4.0
"Jasmine rice, uncooked","Rice and vermicelli mix, rice pilaf flavor, prepared with 80% margarine",148.0,2.94,3.7,25.7,0.6,0.26,430.0
"Jasmine rice, uncooked","Alcoholic beverage, rice (sake)",134.0,0.5,0.0,5.0,0.0,0.0,2.0
"Rice noodles, dry","Rice noodles, dry",364.0,5.95,0.56,80.2,1.6,0.12,182.0
"Rice noodles, dry","Noodles, egg, dry, enriched",384.0,14.2,4.44,71.3,3.3,1.88,21.0
"Rice noodles, dry","Noodles, egg, dry, unenriched",384.0,14.2,4.44,71.3,3.3,1.88,21.0
"Rice noodles, dry","Noodles, japanese, soba, dry",336.0,14.4,0.71,74.6,0.0,0.0,792.0
"Rice noodles, dry","Noodles, japanese, somen, dry",356.0,11.4,0.81,74.1,4.3,0.0,1840.0
"Rice noodles, dry","Rice noodles, cooked",108.0,1.79,0.2,24.0,1.0,0.03,19.0
"Rice noodles, dry","Noodles, egg, spinach, enriched, dry",382.0,14.6,4.55,70.3,6.8,0.0,72.0
"Rice noodles, dry","Soup, chicken noodle, dry, mix",377.0,15.4,6.51,62.3,3.2,1.9,3160.0
"Rice noodles, dry","Babyfood, rice and apples, dry",396.0,6.7,2.4,86.9,3.0,3.22,16.0
"Rice noodles, dry","Cereals, CREAM OF RICE, dry",370.0,6.3,0.5,82.4,0.7,0.3,6.0
"Rice noodles, dry","Puddings, rice, dry mix",376.0,2.7,0.1,91.2,0.7,0.0,366.0
"Rice noodles, dry","Wild rice, dry, raw",0.0,12.8,1.7,75.7,4.26,0.0,1.01
"Rice noodles, dry","Soup, ramen noodle, any flavor, dry",440.0,10.2,17.6,60.3,2.9,1.98,1860.0
"Rice noodles, dry","Soup, ramen noodle, beef flavor, dry",441.0,10.1,17.7,60.3,3.0,1.99,1730.0
"Rice noodles, dry","Soup, ramen noodle, chicken flavor, dry",439.0,10.2,17.5,60.2,2.9,1.96,1920.0
"Rice noodles, dry","Babyfood, cereal, rice, dry fortified",390.0,6.65,2.19,83.1,1.3,4.85,32.0
"Rice noodles, dry","Babyfood, cereal, rice, with bananas, dry",404.0,8.7,4.2,79.9,1.0,16.7,0.0
"Rice noodles, dry","Rice, red, unenriched, dry, raw",0.0,8.56,3.44,76.2,4.2,0.0,0.438
"Rice noodles, dry","Soup, chicken noodle, dry, mix, prepared with water",23.0,0.84,0.55,3.67,0.1,0.31,229.0
"Rice noodles, dry","Babyfood, cereal, brown rice, dry, instant",406.0,8.7,3.0,86.0,6.5,0.72,12.0
"Rice noodles, dry","Rice, brown, parboiled, dry, UNCLE BEN'S",370.0,7.6,2.75,78.7,3.5,0.5,6.0
"Rice noodles, dry","Spanish rice mix, dry mix, unprepared",363.0,10.6,1.62,76.4,3.1,3.83,1080.0
"Rice noodles, dry","Puddings, rice, dry mix, prepared with 2% milk",111.0,3.29,1.63,20.8,0.1,0.0,109.0
"Rice noodles, dry","Puddings, rice, dry mix, prepared with whole milk",121.0,3.25,2.82,20.7,0.1,0.0,108.0
"Rice noodles, dry","Rice mix, cheese flavor, dry mix, unprepared",362.0,8.77,3.51,73.9,1.8,5.26,1190.0
"Rice noodles, dry","Rice, white, long-grain, parboiled, enriched, dry",374.0,7.51,1.03,80.9,1.8,0.33,2.0
"Rice noodles, dry","Rice, white, long-grain, parboiled, unenriched, dry",374.0,7.51,1.03,80.9,1.8,0.33,2.0
"Rice noodles, dry","Yellow rice with seasoning, dry packet mix, unprepared",343.0,7.02,1.75,74.7,1.8,1.75,1320.0
"Rice noodles, dry","Soup, ramen noodle, dry, any flavor, reduced fat, reduced sodium",350.0,10.9,2.5,71.0,2.7,0.85,1200.0
"Rice noodles, dry","Babyfood, cereal, rice with pears and apple, dry, instant fortified",389.0,6.6,0.9,88.5,2.6,1.35,2.0
"Rice noodles, dry","Rice, white, long-grain, precooked or instant, enriched, dry",380.0,7.82,0.94,82.3,1.9,0.05,10.0
"Rice noodles, dry","Noodles, chinese, cellophane or long rice (mung beans), dehydrated",351.0,0.16,0.06,86.1,0.5,0.0,10.0
"Rice noodles, dry","Bulgur, dry",342.0,12.3,1.33,75.9,12.5,0.41,17.0
"Rice noodles, dry","Couscous, dry",376.0,12.8,0.64,77.4,5.0,0.0,10.0
"Rice noodles, dry","Lentils, dry",0.0,23.6,1.92,62.2,0.0,0.0,0.0
"Rice noodles, dry","Beans, cannellini, dry",0.0,21.6,2.2,59.8,0.0,0.0,0.0
"Rice noodles, dry","Blackeye pea, dry",0.0,21.2,2.42,61.8,0.0,0.0,3.46
"Rice noodles, dry","Bulgur, dry, raw",0.0,11.8,2.42,75.9,11.7,0.0,2.18
"Rice noodles, dry","Cereals, WHEATENA, dry",357.0,13.1,2.9,75.6,12.8,1.6,13.0
"Rice noodles, dry","Gravy, brown, dry",367.0,10.7,9.61,59.4,2.0,0.0,4840.0
"Rice noodles, dry","Gravy, chicken, dry",381.0,11.3,9.73,62.1,0.0,0.0,4150.0
"Rice noodles, dry","Gravy, turkey, dry",367.0,10.4,7.19,65.1,0.0,0.0,4390.0
"Rice noodles, dry","Pasta, dry, enriched",371.0,13.0,1.51,74.7,3.2,2.67,6.0
"Rice noodles, dry","Pasta, dry, unenriched",371.0,13.0,1.51,74.7,3.2,2.67,6.0
"Rice noodles, dry","Spaghetti, spinach, dry",372.0,13.4,1.57,74.8,10.6,2.72,36.0
"Rice noodles, dry","Tapioca, pearl, dry",358.0,0.19,0.02,88.7,0.9,3.35,1.0
"Rice noodles, dry","Babyfood, rice cereal, dry, EARTHS BEST ORGANIC WHOLE GRAIN, fortified only with iron",386.0,7.5,4.9,78.1,0.5,0.12,7.0
"Rice noodles, dry","Spanish rice mix, dry mix, prepared (with canola/vegetable oil blend or diced tomatoes and margarine)",125.0,3.27,2.38,22.7,1.5,1.79,349.0
"Rice noodles, dry","Bread, stuffing, dry mix",386.0,11.0,3.4,76.2,3.2,8.27,1400.0
"Rice noodles, dry","Buckwheat groats, roasted, dry",346.0,11.7,2.71,75.0,10.3,0.0,11.0
"Glass noodles, dry","Rice noodles, dry",364.0,5.95,0.56,80.2,1.6,0.12,182.0
"Glass noodles, dry","Noodles, egg, dry, enriched",384.0,14.2,4.44,71.3,3.3,1.88,21.0
"Glass noodles, dry","Noodles, egg, dry, unenriched",384.0,14.2,4.44,71.3,3.3,1.88,21.0
"Glass noodles, dry","Noodles, japanese, soba, dry",336.0,14.4,0.71,74.6,0.0,0.0,792.0
"Glass noodles, dry","Noodles, japanese, somen, dry",356.0,11.4,0.81,74.1,4.3,0.0,1840.0
"Glass noodles, dry","Noodles, egg, spinach, enriched, dry",382.0,14.6,4.55,70.3,6.8,0.0,72.0
"Glass noodles, dry","Soup, chicken noodle, dry, mix",377.0,15.4,6.51,62.3,3.2,1.9,3160.0
"Glass noodles, dry","Soup, ramen noodle, any flavor, dry",440.0,10.2,17.6,60.3,2.9,1.98,1860.0
"Glass noodles, dry","Soup, ramen noodle, beef flavor, dry",441.0,10.1,17.7,60.3,3.0,1.99,1730.0
"Glass noodles, dry","Soup, ramen noodle, chicken flavor, dry",439.0,10.2,17.5,60.2,2.9,1.96,1920.0
"Glass noodles, dry","Soup, chicken noodle, dry, mix, prepared with water",23.0,0.84,0.55,3.67,0.1,0.31,229.0
"Glass noodles, dry","Soup, ramen noodle, dry, any flavor, reduced fat, reduced sodium",350.0,10.9,2.5,71.0,2.7,0.85,1200.0
"Glass noodles, dry","Bulgur, dry",342.0,12.3,1.33,75.9,12.5,0.41,17.0
"Glass noodles, dry","Couscous, dry",376.0,12.8,0.64,77.4,5.0,0.0,10.0
"Glass noodles, dry","Lentils, dry",0.0,23.6,1.92,62.2,0.0,0.0,0.0
"Glass noodles, dry","Beans, cannellini, dry",0.0,21.6,2.2,59.8,0.0,0.0,0.0
"Glass noodles, dry","Blackeye pea, dry",0.0,21.2,2.42,61.8,0.0,0.0,3.46
"Glass noodles, dry","Bulgur, dry, raw",0.0,11.8,2.42,75.9,11.7,0.0,2.18
"Glass noodles, dry","Cereals, WHEATENA, dry",357.0,13.1,2.9,75.6,12.8,1.6,13.0
"Glass noodles, dry","Gravy, brown, dry",367.0,10.7,9.61,59.4,2.0,0.0,4840.0
"Glass noodles, dry","Gravy, chicken, dry",381.0,11.3,9.73,62.1,0.0,0.0,4150.0
"Glass noodles, dry","Gravy, turkey, dry",367.0,10.4,7.19,65.1,0.0,0.0,4390.0
"Glass noodles, dry","Pasta, dry, enriched",371.0,13.0,1.51,74.7,3.2,2.67,6.0
"Glass noodles, dry","Pasta, dry, unenriched",371.0,13.0,1.51,74.7,3.2,2.67,6.0
"Glass noodles, dry","Spaghetti, spinach, dry",372.0,13.4,1.57,74.8,10.6,2.72,36.0
"Glass noodles, dry","Tapioca, pearl, dry",358.0,0.19,0.02,88.7,0.9,3.35,1.0
"Glass noodles, dry","Rice noodles, cooked",108.0,1.79,0.2,24.0,1.0,0.03,19.0
"Glass noodles, dry","Babyfood, rice and apples, dry",396.0,6.7,2.4,86.9,3.0,3.22,16.0
"Glass noodles, dry","Bread, stuffing, dry mix",386.0,11.0,3.4,76.2,3.2,8.27,1400.0
"Glass noodles, dry","Buckwheat groats, roasted, dry",346.0,11.7,2.71,75.0,10.3,0.0,11.0
"Glass noodles, dry","Cake, gingerbread, dry mix",437.0,4.4,13.8,74.6,1.7,46.6,657.0
"Glass noodles, dry","Cereals, CREAM OF RICE, dry",370.0,6.3,0.5,82.4,0.7,0.3,6.0
"Glass noodles, dry","Cereals, farina, unenriched, dry",369.0,10.6,0.5,78.0,1.9,0.0,3.0
"Glass noodles, dry","Chia seeds, dry, raw",0.0,17.0,32.9,38.3,0.0,0.0,0.0
"Glass noodles, dry","Cocoa, dry powder, unsweetened",228.0,19.6,13.7,57.9,37.0,1.75,21.0
"Glass noodles, dry","Cookies, oatmeal, dry mix",462.0,6.5,19.2,67.3,0.0,0.0,473.0
"Glass noodles, dry","Egg custards, dry mix",410.0,6.9,6.4,82.8,0.0,0.0,281.0
"Glass noodles, dry","Einkorn, grain, dry, raw",0.0,15.1,3.81,68.7,8.91,0.0,0.0
"Glass noodles, dry","Farro, pearled, dry, raw",0.0,12.6,3.1,72.1,7.31,0.0,0.845
"Glass noodles, dry","Fonio, grain, dry, raw",0.0,7.17,1.69,81.3,2.2,0.0,2.97
"Glass noodles, dry","Gelatin desserts, dry mix",381.0,7.8,0.0,90.5,0.0,86.0,466.0
"Glass noodles, dry","Gelatins, dry powder, unsweetened",335.0,85.6,0.1,0.0,0.0,0.0,196.0
"Glass noodles, dry","Gravy, au jus, dry",313.0,9.2,9.63,47.5,0.0,0.0,11600.0
"Glass noodles, dry","Gravy, brown instant, dry",380.0,8.53,11.8,59.8,3.2,9.23,5050.0
"Glass noodles, dry","Gravy, instant beef, dry",369.0,9.8,9.48,61.1,4.3,23.9,5200.0
"Glass noodles, dry","Gravy, instant turkey, dry",409.0,11.7,14.7,57.6,3.8,7.6,4090.0
"Glass noodles, dry","Gravy, mushroom, dry, powder",328.0,10.0,4.0,64.7,4.8,3.26,6580.0
"Glass noodles, dry","Gravy, onion, dry, mix",322.0,9.0,3.0,67.6,6.0,0.0,4190.0
"Glass noodles, dry","Gravy, pork, dry, powder",367.0,8.78,8.63,63.6,2.4,24.7,5360.0
"Glass noodles, dry","Gravy, unspecified type, dry",344.0,13.0,8.0,58.0,0.0,0.0,5730.0
Fish sauce,"Sauce, fish, ready-to-serve",35.0,5.06,0.01,3.64,0.0,3.64,7850.0
Fish sauce,"Fast foods, fish sandwich, with tartar sauce",257.0,10.3,12.4,26.7,1.0,3.53,602.0
Fish sauce,"Fish, fish sticks, frozen, prepared",277.0,11.0,16.2,21.7,1.5,1.65,402.0
Fish sauce,"Fast foods, fish sandwich, with tartar sauce and cheese",279.0,11.3,14.6,26.4,0.8,3.67,434.0
Fish sauce,"McDONALD'S, FILET-O-FISH (without tartar sauce)",243.0,12.5,7.62,31.1,1.0,4.27,464.0
Fish sauce,Fish broth,16.0,2.0,0.6,0.4,0.0,0.09,200.0
Fish sauce,"Fish, surimi",99.0,15.2,0.9,6.85,0.0,0.0,143.0
Fish sauce,"Fish oil, herring",902.0,0.0,100.0,0.0,0.0,0.0,0.0
Fish sauce,"Fish oil, menhaden",902.0,0.0,100.0,0.0,0.0,0.0,0.0
Fish sauce,"Fish oil, salmon",902.0,0.0,100.0,0.0,0.0,0.0,0.0
Fish sauce,"Fish oil, sardine",902.0,0.0,100.0,0.0,0.0,0.0,0.0
Fish sauce,"Fish, bluefish, raw",124.0,20.0,4.24,0.0,0.0,0.0,60.0
Fish sauce,"Fish, burbot, raw",90.0,19.3,0.81,0.0,0.0,0.0,97.0
Fish sauce,"Fish, butterfish, raw",146.0,17.3,8.02,0.0,0.0,0.0,89.0
Fish sauce,"Fish, carp, raw",127.0,17.8,5.6,0.0,0.0,0.0,49.0
Fish sauce,"Fish, cisco, raw",98.0,19.0,1.91,0.0,0.0,0.0,55.0
Fish sauce,"Fish, cisco, smoked",177.0,16.4,11.9,0.0,0.0,0.0,481.0
Fish sauce,"Fish, cusk, raw",87.0,19.0,0.69,0.0,0.0,0.0,31.0
Fish sauce,"Fish, haddock, raw",74.0,16.3,0.45,0.0,0.0,0.0,213.0
Fish sauce,"Fish, haddock, raw",74.0,16.3,0.45,0.0,0.0,0.0,213.0
Fish sauce,"Fish, haddock, smoked",116.0,25.2,0.96,0.0,0.0,0.0,763.0
Fish sauce,"Fish, ling, raw",87.0,19.0,0.64,0.0,0.0,0.0,135.0
Fish sauce,"Fish, lingcod, raw",85.0,17.7,1.06,0.0,0.0,0.0,59.0
Fish sauce,"Fish, mackerel, salted",305.0,18.5,25.1,0.0,0.0,0.0,4450.0
Fish sauce,"Fish, mahimahi, raw",85.0,18.5,0.7,0.0,0.0,0.0,88.0
Fish sauce,"Fish, milkfish, raw",148.0,20.5,6.73,0.0,0.0,0.0,72.0
Fish sauce,"Fish, monkfish, raw",76.0,14.5,1.52,0.0,0.0,0.0,18.0
Fish sauce,"Fish, pollock, raw",56.0,12.3,0.41,0.0,0.0,0.0,333.0
Fish sauce,"Fish, sablefish, raw",195.0,13.4,15.3,0.0,0.0,0.0,56.0
Fish sauce,"Fish, sablefish, smoked",257.0,17.6,20.1,0.0,0.0,0.0,737.0
Fish sauce,"Fish, scup, raw",105.0,18.9,2.73,0.0,0.0,0.0,42.0
Fish sauce,"Fish, sheepshead, raw",108.0,20.2,2.41,0.0,0.0,0.0,71.0
Fish sauce,"Fish, spot, raw",123.0,18.5,4.9,0.0,0.0,0.0,29.0
Fish sauce,"Fish, swordfish, raw",144.0,19.7,6.65,0.0,0.0,0.0,81.0
Fish sauce,"Fish, tilapia, raw",96.0,20.1,1.7,0.0,0.0,0.0,52.0
Fish sauce,"Fish, tilefish, raw",96.0,17.5,2.31,0.0,0.0,0.0,53.0
Fish sauce,"Fish, tuna salad",187.0,16.0,9.26,9.41,0.0,0.0,402.0
Fish sauce,"Fish, sardine, Pacific, canned in tomato sauce, drained solids with bone",185.0,20.9,10.4,0.54,0.1,0.43,414.0
Fish sauce,"APPLEBEE'S, fish, hand battered",202.0,13.2,9.14,16.6,0.9,0.51,607.0
Fish sauce,"Crackers, flavored, fish-shaped",463.0,10.2,17.7,65.7,3.1,1.18,970.0
Fish sauce,"Fish oil, cod liver",902.0,0.0,100.0,0.0,0.0,0.0,0.0
Fish sauce,"Fish, anchovy, european, raw",131.0,20.4,4.84,0.0,0.0,0.0,104.0
Fish sauce,"Fish, bass, striped, raw",97.0,17.7,2.33,0.0,0.0,0.0,69.0
Fish sauce,"Fish, cod, Atlantic, raw",82.0,17.8,0.67,0.0,0.0,0.0,54.0
Fish sauce,"Fish, cod, Pacific, cooked",84.0,20.4,0.25,0.0,0.0,0.0,134.0
Fish sauce,"Fish, croaker, Atlantic, raw",104.0,17.8,3.17,0.0,0.0,0.0,56.0
Fish sauce,"Fish, drum, freshwater, raw",119.0,17.5,4.93,0.0,0.0,0.0,75.0
Fish sauce,"Fish, halibut, Greenland, raw",186.0,14.4,13.8,0.0,0.0,0.0,80.0
Fish sauce,"Fish, herring, Atlantic, kippered",217.0,24.6,12.4,0.0,0.0,0.0,918.0
Fish sauce,"Fish, herring, Atlantic, pickled",262.0,14.2,18.0,9.64,0.0,7.71,870.0
Oyster sauce,"Sauce, oyster, ready-to-serve",51.0,1.35,0.25,10.9,0.3,0.0,2730.0
Oyster sauce,"Mushroom, oyster",0.0,2.9,0.188,6.94,2.85,0.0,1.13
Oyster sauce,"Emu, oyster, raw",141.0,22.8,4.86,0.0,0.0,0.0,150.0
Oyster sauce,"Mushroom, king oyster",0.0,2.41,0.308,8.5,3.01,0.0,0.771
Oyster sauce,"Mushrooms, oyster, raw",33.0,3.31,0.41,6.09,2.3,1.11,18.0
Oyster sauce,"Ostrich, oyster, cooked",159.0,28.8,3.97,0.0,0.0,0.0,81.0
Oyster sauce,"Ostrich, oyster, raw",125.0,21.6,3.67,0.0,0.0,0.0,83.0
Oyster sauce,"Mollusks, oyster, eastern, canned",68.0,7.06,2.47,3.91,0.0,0.0,112.0
Oyster sauce,"Mollusks, oyster, Pacific, raw",81.0,9.45,2.3,4.95,0.0,0.0,106.0
Oyster sauce,"Salsify, (vegetable oyster), raw",82.0,3.3,0.2,18.6,3.3,0.0,20.0
Oyster sauce,"Mollusks, oyster, eastern, farmed, raw",59.0,5.22,1.55,5.53,0.0,0.0,178.0
Oyster sauce,"Mollusks, oyster, eastern, wild, raw",51.0,5.71,1.71,2.72,0.0,0.62,85.0
Oyster sauce,"Soup, oyster stew, canned, condensed",48.0,1.72,3.13,3.32,0.0,0.0,722.0
Oyster sauce,"Crackers, saltines (includes oyster, soda, soup)",418.0,9.46,8.64,74.0,2.8,1.29,941.0
Oyster sauce,"Mollusks, oyster, eastern, cooked, breaded and fried",199.0,8.77,12.6,11.6,0.0,0.0,417.0
Oyster sauce,"Mollusks, oyster, Pacific, cooked, moist heat",163.0,18.9,4.6,9.9,0.0,0.0,212.0
Oyster sauce,"Mollusks, oyster, eastern, farmed, cooked, dry heat",79.0,7.0,2.12,7.28,0.0,0.0,163.0
Oyster sauce,"Mollusks, oyster, eastern, wild, cooked, dry heat",79.0,8.87,2.65,4.23,0.0,0.96,132.0
Oyster sauce,"Mollusks, oyster, eastern, wild, cooked, moist heat",102.0,11.4,3.42,5.45,0.0,1.23,166.0
Oyster sauce,"Crackers, saltines, low salt (includes oyster, soda, soup)",421.0,9.5,8.85,74.3,2.9,2.22,198.0
Oyster sauce,"Crackers, saltines, unsalted tops (includes oyster, soda, soup)",434.0,9.2,11.8,71.5,3.0,0.0,766.0
Oyster sauce,"Soup, oyster stew, canned, prepared with equal volume milk",55.0,2.51,3.24,3.99,0.0,0.0,425.0
Oyster sauce,"Soup, oyster stew, canned, prepared with equal volume water",24.0,0.87,1.59,1.69,0.0,0.0,407.0
Oyster sauce,"Beef, New Zealand, imported, oyster blade, separable lean and fat, raw",178.0,21.3,10.3,0.0,0.0,0.0,57.0
Oyster sauce,"Beef, New Zealand, imported, oyster blade, separable lean only, raw",155.0,21.8,7.56,0.0,0.0,0.0,59.0
Oyster sauce,"Beef, New Zealand, imported, oyster blade, separable lean and fat, cooked, braised",197.0,29.8,8.68,0.0,0.0,0.0,25.0
Oyster sauce,"Beef, New Zealand, imported, oyster blade, separable lean only, cooked, braised",196.0,29.9,8.46,0.0,0.0,0.0,25.0
Oyster sauce,"Sauce, cheese sauce mix, dry",438.0,7.68,18.3,60.5,1.0,10.3,3200.0
Oyster sauce,"Sauce, barbecue",172.0,0.82,0.63,40.8,0.9,33.2,1030.0
Oyster sauce,"Sauce, horseradish",503.0,1.09,50.9,10.0,1.0,8.98,730.0
Oyster sauce,"Sauce, worcestershire",77.0,0.0,0.0,19.2,0.0,10.0,1300.0
Oyster sauce,"Sauce, tomato chili sauce, bottled, with salt",92.0,2.5,0.3,19.8,2.4,13.3,1340.0
Oyster sauce,"Guava sauce, cooked",36.0,0.32,0.14,9.48,3.6,5.88,4.0
Oyster sauce,"Ravioli, meat-filled, with tomato sauce or meat sauce, canned",97.0,3.24,3.41,13.3,1.5,1.97,283.0
Oyster sauce,"Sauce, peanut, made from peanut butter, water, soy sauce",257.0,6.31,16.0,22.0,1.8,17.1,1340.0
Oyster sauce,"Cranberry sauce, canned, sweetened",159.0,0.9,0.15,40.4,1.1,31.8,5.0
Oyster sauce,Pulled pork in barbecue sauce,168.0,13.2,4.42,18.7,1.2,15.2,666.0
Oyster sauce,"Sauce, alfredo mix, dry",535.0,15.3,36.4,36.5,2.0,5.4,2590.0
Oyster sauce,"Sauce, barbecue, KRAFT, original",172.0,0.74,0.62,40.8,0.4,32.3,1240.0
Oyster sauce,"Sauce, cheese, ready-to-serve",174.0,6.71,13.3,6.83,0.5,0.42,828.0
Oyster sauce,"Sauce, cocktail, ready-to-serve",128.0,1.36,1.05,28.2,1.8,11.8,1260.0
Oyster sauce,"Sauce, duck, ready-to-serve",245.0,0.36,0.13,60.7,0.6,30.5,712.0
Oyster sauce,"Sauce, fish, ready-to-serve",35.0,5.06,0.01,3.64,0.0,3.64,7850.0
Oyster sauce,"Sauce, hoisin, ready-to-serve",220.0,3.31,3.39,44.1,2.8,27.3,1620.0
Oyster sauce,"Sauce, homemade, white, medium",147.0,3.84,10.6,9.17,0.2,4.38,354.0
Oyster sauce,"Sauce, homemade, white, thick",186.0,3.99,13.8,11.6,0.3,3.98,373.0
Oyster sauce,"Sauce, hot chile, sriracha",93.0,1.93,0.93,19.2,2.2,15.1,2120.0
Oyster sauce,"Sauce, plum, ready-to-serve",184.0,0.89,1.04,42.8,0.7,0.0,538.0
Oyster sauce,"Sauce, salsa, ready-to-serve",29.0,1.44,0.19,6.74,1.8,0.0,656.0
Oyster sauce,"Sauce, salsa, ready-to-serve",29.0,1.52,0.17,6.64,1.9,4.01,711.0
"Soy sauce, light",Soy sauce made from soy (tamari),60.0,10.5,0.1,5.57,0.8,1.7,5590.0
"Soy sauce, light",Soy sauce made from soy and wheat (shoyu),53.0,8.14,0.57,4.93,0.8,0.4,5490.0
"Soy sauce, light","Oil, industrial, soy, refined, for woks and light frying",884.0,0.0,100.0,0.0,0.0,0.0,0.0
"Soy sauce, light","Soy sauce made from soy and wheat (shoyu), low sodium",57.0,9.05,0.3,5.59,0.7,0.5,3600.0
"Soy sauce, light","Margarine, industrial, soy and partially hydrogenated soy oil, use for baking, sauces and candy",714.0,0.18,80.0,0.71,0.0,0.0,886.0
"Soy sauce, light","Sauce, peanut, made from peanut butter, water, soy sauce",257.0,6.31,16.0,22.0,1.8,17.1,1340.0
"Soy sauce, light",Soy sauce made from hydrolyzed vegetable protein,60.0,7.0,0.51,7.84,0.5,1.3,6820.0
"Soy sauce, light","Flour, soy, defatted",366.0,51.1,3.33,32.9,0.0,0.0,2.0
"Soy sauce, light","Soy flour, defatted",327.0,51.5,1.22,33.9,17.5,16.4,20.0
"Soy sauce, light",Soy protein isolate,335.0,88.3,3.39,0.0,0.0,0.0,1000.0
"Soy sauce, light","Soy sauce, reduced sodium, made from hydrolyzed vegetable protein",90.0,8.19,0.31,14.4,0.3,5.63,2890.0
"Soy sauce, light","Flour, soy, full-fat",452.0,38.6,20.7,27.9,0.0,0.0,2.0
"Soy sauce, light","Milk, imitation, non-soy",46.0,1.6,2.0,5.3,0.0,5.3,55.0
"Soy sauce, light",SILK Blueberry soy yogurt,88.0,2.35,1.18,17.1,0.6,12.4,15.0
"Soy sauce, light",SILK Peach soy yogurt,94.0,2.35,1.18,18.8,0.6,14.7,15.0
"Soy sauce, light",SILK Plain soy yogurt,66.0,2.64,1.76,9.69,0.4,5.29,13.0
"Soy sauce, light",SILK Raspberry soy yogurt,88.0,2.35,1.18,17.6,0.6,12.9,15.0
"Soy sauce, light",SILK Strawberry soy yogurt,94.0,2.35,1.18,18.2,0.6,12.9,15.0
"Soy sauce, light","Soy flour, low-fat",372.0,49.8,8.9,30.6,16.0,9.33,9.0
"Soy sauce, light","Soy meal, defatted, raw",337.0,49.2,2.39,35.9,0.0,0.0,3.0
"Soy sauce, light","Vermicelli, made from soy",331.0,0.1,0.1,82.3,3.9,17.4,4.0
"Soy sauce, light","Oil, industrial, soy (partially hydrogenated ) and soy (winterized), pourable clear fry",884.0,0.0,100.0,0.0,0.0,0.0,0.0
"Soy sauce, light","Beverages, Protein powder soy based",388.0,55.6,5.56,28.9,6.7,22.2,733.0
"Soy sauce, light","Oil, industrial, soy, fully hydrogenated",884.0,0.0,100.0,0.0,0.0,0.0,0.0
"Soy sauce, light","Oil, industrial, soy, low linolenic",900.0,0.0,100.0,0.0,0.0,0.0,0.0
"Soy sauce, light",SILK Banana-Strawberry soy yogurt,88.0,2.35,1.18,17.1,0.6,10.6,15.0
"Soy sauce, light",SILK Black Cherry soy yogurt,88.0,2.35,1.18,17.1,0.6,11.8,12.0
"Soy sauce, light",SILK Key Lime soy yogurt,88.0,2.35,1.18,17.6,0.6,12.4,15.0
"Soy sauce, light","Snacks, soy chips or crisps, salted",385.0,26.5,7.35,53.2,3.5,1.8,842.0
"Soy sauce, light","Soy flour, full-fat, raw",434.0,37.8,20.6,31.9,9.6,7.5,13.0
"Soy sauce, light","Soy flour, full-fat, roasted",439.0,38.1,21.9,30.4,9.7,7.61,12.0
"Soy sauce, light","Soy milk, sweetened, plain, refrigerated",0.0,2.78,1.96,3.0,0.0,0.0,39.4
"Soy sauce, light","Soy protein isolate, potassium type",321.0,88.3,0.53,2.59,0.0,0.0,50.0
"Soy sauce, light","Alcoholic beverage, beer, light, BUD LIGHT",29.0,0.25,0.0,1.3,0.0,0.0,3.0
"Soy sauce, light","Margarine-like shortening, industrial, soy (partially hydrogenated), cottonseed, and soy, principal use flaky pastries",628.0,0.0,71.0,0.0,0.0,0.0,864.0
"Soy sauce, light","Beverages, ABBOTT, EAS soy protein powder",405.0,47.6,3.57,43.9,0.0,40.5,452.0
"Soy sauce, light","Oil, industrial, soy, ultra low linolenic",884.0,0.0,100.0,0.0,0.0,0.0,0.0
"Soy sauce, light",SILK Vanilla soy yogurt (family size),79.0,2.64,1.76,13.7,0.4,10.6,13.0
"Soy sauce, light","Soy milk, unsweetened, plain, shelf stable",0.0,3.55,2.12,1.29,0.0,0.0,34.3
"Soy sauce, light","Soy protein concentrate, produced by acid wash",328.0,63.6,0.46,25.4,5.5,20.0,900.0
"Soy sauce, light","Soy protein concentrate, produced by alcohol extraction",328.0,63.6,0.46,25.4,5.5,20.0,3.0
"Soy sauce, light","Ravioli, cheese with tomato sauce, frozen, not prepared, includes regular and light entrees",111.0,4.52,2.61,17.3,1.4,4.09,280.0
"Soy sauce, light","Rye flour, light",357.0,9.82,1.33,76.7,8.0,0.93,2.0
"Soy sauce, light","Sour cream, light",136.0,3.5,10.6,7.1,0.0,0.22,83.0
"Soy sauce, light","Syrups, corn, light",283.0,0.0,0.2,76.8,0.0,76.8,62.0
"Soy sauce, light","Incaparina, dry mix (corn and soy flours), unprepared",379.0,21.8,5.58,60.5,9.9,0.0,4.0
"Soy sauce, light","Oil, industrial, soy ( partially hydrogenated), all purpose",884.0,0.0,100.0,0.0,0.0,0.0,0.0
"Soy sauce, light","Shortening, industrial, soy (partially hydrogenated ) and corn for frying",884.0,0.0,100.0,0.0,0.0,0.0,0.0
"Soy sauce, light","Shortening, industrial, soy (partially hydrogenated ) for baking and confections",884.0,0.0,100.0,0.0,0.0,0.0,0.0
"Soy sauce, light",SILK Vanilla soy yogurt (single serving size),88.0,2.94,1.76,14.7,0.6,10.6,12.0
Chili paste in oil,"Nuts, almond paste",458.0,9.0,27.7,47.8,4.8,36.2,9.0
Chili paste in oil,"Seeds, sesame butter, paste",586.0,18.1,50.9,24.0,5.5,0.0,12.0
Chili paste in oil,"APPLEBEE'S, chili",157.0,12.6,9.79,4.57,1.4,2.27,381.0
Chili paste in oil,"Tomato, paste, canned, without salt added",0.0,4.23,0.732,20.2,4.7,0.0,61.2
Chili paste in oil,"Oil, canola",0.0,0.0,0.0,0.0,0.0,0.0,0.0
Chili paste in oil,"Oil, canola",884.0,0.0,100.0,0.0,0.0,0.0,0.0
Chili paste in oil,"Chili with beans, canned",103.0,6.12,3.76,13.2,3.3,1.65,423.0
Chili paste in oil,"Spices, chili powder",282.0,13.5,14.3,49.7,34.8,7.19,2870.0
Chili paste in oil,"Oil, almond",884.0,0.0,100.0,0.0,0.0,0.0,0.0
Chili paste in oil,"Oil, avocado",884.0,0.0,100.0,0.0,0.0,0.0,0.0
Chili paste in oil,"Oil, babassu",884.0,0.0,100.0,0.0,0.0,0.0,0.0
Chili paste in oil,"Oil, coconut",892.0,0.0,99.1,0.0,0.0,0.0,0.0
Chili paste in oil,"Oil, coconut",833.0,0.0,99.1,0.84,0.0,0.0,0.0
Chili paste in oil,"Oil, corn",0.0,0.0,0.0,0.0,0.0,0.0,0.0
Chili paste in oil,"Oil, grapeseed",884.0,0.0,100.0,0.0,0.0,0.0,0.0
Chili paste in oil,"Oil, hazelnut",884.0,0.0,100.0,0.0,0.0,0.0,0.0
Chili paste in oil,"Oil, mustard",884.0,0.0,100.0,0.0,0.0,0.0,0.0
Chili paste in oil,"Oil, oat",884.0,0.0,100.0,0.0,0.0,0.0,0.0
Chili paste in oil,"Oil, palm",884.0,0.0,100.0,0.0,0.0,0.0,0.0
Chili paste in oil,"Oil, peanut",0.0,0.0,0.0,0.0,0.0,0.0,0.0
Chili paste in oil,"Oil, poppyseed",884.0,0.0,100.0,0.0,0.0,0.0,0.0
Chili paste in oil,"Oil, safflower",0.0,0.0,0.0,0.0,0.0,0.0,0.0
Chili paste in oil,"Oil, sheanut",884.0,0.0,100.0,0.0,0.0,0.0,0.0
Chili paste in oil,"Oil, soybean",0.0,0.0,0.0,0.0,0.0,0.0,0.0
Chili paste in oil,"Oil, sunflower",0.0,0.0,0.0,0.0,0.0,0.0,0.0
Chili paste in oil,"Oil, teaseed",884.0,0.0,100.0,0.0,0.0,0.0,0.0
Chili paste in oil,"Oil, tomatoseed",884.0,0.0,100.0,0.0,0.0,0.0,0.0
Chili paste in oil,"Oil, walnut",884.0,0.0,100.0,0.0,0.0,0.0,0.0
Chili paste in oil,"Chili with beans, microwavable bowls",100.0,5.85,3.68,10.9,2.9,1.84,385.0
Chili paste in oil,"Chili, no beans, canned entree",118.0,7.53,7.1,6.1,0.5,1.1,411.0
Chili paste in oil,"Peppers, chili, green, canned",21.0,0.72,0.27,4.6,1.7,0.0,397.0
Chili paste in oil,"Butter oil, anhydrous",876.0,0.28,99.5,0.0,0.0,0.0,2.0
Chili paste in oil,"Fish oil, herring",902.0,0.0,100.0,0.0,0.0,0.0,0.0
Chili paste in oil,"Fish oil, menhaden",902.0,0.0,100.0,0.0,0.0,0.0,0.0
Chili paste in oil,"Fish oil, salmon",902.0,0.0,100.0,0.0,0.0,0.0,0.0
Chili paste in oil,"Fish oil, sardine",902.0,0.0,100.0,0.0,0.0,0.0,0.0
Chili paste in oil,"Oil, apricot kernel",884.0,0.0,100.0,0.0,0.0,0.0,0.0
Chili paste in oil,"Oil, cocoa butter",884.0,0.0,100.0,0.0,0.0,0.0,0.0
Chili paste in oil,"Oil, corn and canola",884.0,0.0,100.0,0.0,0.0,0.0,0.0
Chili paste in oil,"Oil, cupu assu",884.0,0.0,100.0,0.0,0.0,0.0,0.0
Chili paste in oil,"Oil, nutmeg butter",884.0,0.0,100.0,0.0,0.0,0.0,0.0
Chili paste in oil,"Oil, rice bran",884.0,0.0,100.0,0.0,0.0,0.0,0.0
Chili paste in oil,"Oil, soybean lecithin",763.0,0.0,100.0,0.0,0.0,0.0,0.0
Chili paste in oil,"Oil, ucuhuba butter",884.0,0.0,100.0,0.0,0.0,0.0,0.0
Chili paste in oil,"Oil, wheat germ",884.0,0.0,100.0,0.0,0.0,0.0,0.0
Chili paste in oil,"Peppers, hot chili, green, raw",40.0,2.0,0.2,9.46,1.5,5.1,7.0
Chili paste in oil,"Peppers, hot chili, red, raw",40.0,1.87,0.44,8.81,1.5,5.3,9.0
Chili paste in oil,"Seasoning mix, dry, chili, original",335.0,10.8,7.3,56.6,10.8,8.67,4620.0
Chili paste in oil,"Soup, chili beef, canned, condensed",117.0,5.09,2.53,18.9,2.5,5.09,788.0
Chili paste in oil,"Oil, industrial, canola (partially hydrogenated) oil for deep fat frying",884.0,0.0,100.0,0.0,0.0,0.0,0.0
Red curry paste,"Nuts, almond paste",458.0,9.0,27.7,47.8,4.8,36.2,9.0
Red curry paste,"Spices, curry powder",325.0,14.3,14.0,55.8,53.2,2.76,52.0
Red curry paste,"Seeds, sesame butter, paste",586.0,18.1,50.9,24.0,5.5,0.0,12.0
Red curry paste,"SMART SOUP, Thai Coconut Curry",36.0,0.8,1.06,6.5,1.0,3.7,141.0
Red curry paste,"Tomato, paste, canned, without salt added",0.0,4.23,0.732,20.2,4.7,0.0,61.2
Red curry paste,"Cabbage, red, raw",31.0,1.43,0.16,7.37,2.1,3.83,27.0
Red curry paste,"Cabbage, red, raw",0.0,1.24,0.214,6.79,0.0,0.0,11.7
Red curry paste,"Onions, red, raw",44.0,0.94,0.1,9.93,2.2,0.0,1.0
Red curry paste,"Vinegar, red wine",19.0,0.04,0.0,0.27,0.0,0.0,8.0
Red curry paste,"Cherries, sour, red, raw",50.0,1.0,0.3,12.2,1.6,8.49,3.0
Red curry paste,"Currants, red and white, raw",56.0,1.4,0.2,13.8,4.3,7.37,1.0
Red curry paste,"Grapes, red, seedless, raw",0.0,0.914,0.164,20.2,0.0,0.0,7.0
Red curry paste,"Lentils, pink or red, raw",358.0,23.9,2.17,63.1,10.8,0.0,7.0
Red curry paste,"Lettuce, leaf, red, raw",0.0,0.883,0.106,3.26,0.0,0.0,24.9
Red curry paste,"Lettuce, red leaf, raw",13.0,1.33,0.22,2.26,0.9,0.48,25.0
Red curry paste,"Pears, raw, red anjou",62.0,0.33,0.14,14.9,3.0,9.54,1.0
Red curry paste,"Peppers, bell, red, raw",0.0,0.896,0.126,6.65,1.16,0.0,0.0
Red curry paste,"Peppers, sweet, red, raw",26.0,0.99,0.3,6.03,2.1,4.2,4.0
Red curry paste,"Peppers, sweet, red, sauteed",133.0,1.04,12.8,6.57,1.8,4.28,21.0
Red curry paste,"Raspberries, frozen, red, sweetened",103.0,0.7,0.16,26.2,4.4,21.8,1.0
Red curry paste,"Raspberries, frozen, red, unsweetened",56.0,1.15,0.81,12.6,4.3,6.54,4.0
Red curry paste,"Spices, pepper, red or cayenne",318.0,12.0,17.3,56.6,27.2,10.3,30.0
Red curry paste,"Tomatoes, red, ripe, cooked",18.0,0.95,0.11,4.01,0.7,2.49,11.0
Red curry paste,"Wheat, hard red spring",329.0,15.4,1.92,68.0,12.2,0.41,2.0
Red curry paste,"Wheat, hard red winter",327.0,12.6,1.54,71.2,12.2,0.41,2.0
Red curry paste,"Wheat, soft red winter",331.0,10.4,1.56,74.2,12.5,0.41,2.0
Red curry paste,"Alcoholic beverage, wine, table, red",85.0,0.07,0.0,2.61,0.0,0.62,4.0
Red curry paste,"Apples, red delicious, with skin, raw",0.0,0.188,0.212,14.8,2.04,12.2,0.0
Red curry paste,"Beans, Dry, Red (0% moisture)",0.0,21.3,1.16,0.0,4.0,0.0,0.0
Red curry paste,"Beverages, Energy drink, RED BULL",43.0,0.46,0.0,10.2,0.0,10.2,39.0
Red curry paste,"Cherries, sweet, dark red, raw",0.0,1.04,0.192,16.2,0.0,0.0,0.0
Red curry paste,Chilchen (Red Berry Beverage) (Navajo),44.0,0.81,0.63,8.68,0.0,2.6,15.0
Red curry paste,"Fish, caviar, black and red, granular",264.0,24.6,17.9,4.0,0.0,0.0,1500.0
Red curry paste,"Grapefruit, raw, pink and red, Florida",30.0,0.55,0.1,7.5,1.1,0.0,0.0
Red curry paste,"Peppers, hot chili, red, raw",40.0,1.87,0.44,8.81,1.5,5.3,9.0
Red curry paste,"Peppers, sweet, red, freeze-dried",314.0,17.9,3.0,68.7,21.3,40.8,193.0
Red curry paste,"Potatoes, red, flesh and skin, baked",87.0,2.3,0.15,19.6,1.8,1.43,12.0
Red curry paste,"Potatoes, red, flesh and skin, raw",70.0,1.89,0.14,15.9,1.7,1.29,18.0
Red curry paste,"Potatoes, red, without skin, raw",0.0,2.06,0.248,16.3,0.0,0.0,2.86
Red curry paste,"Rice, red, unenriched, dry, raw",0.0,8.56,3.44,76.2,4.2,0.0,0.438
Red curry paste,"Tomatoes, canned, red, ripe, diced",18.0,0.84,0.5,3.32,0.0,0.0,125.0
Red curry paste,"Tomatoes, red, ripe, canned, stewed",26.0,0.91,0.19,6.19,1.0,3.52,221.0
Red curry paste,"Tomatoes, red, ripe, cooked, stewed",79.0,1.96,2.68,13.0,1.7,0.0,455.0
Red curry paste,"Tomatoes, red, ripe, cooked, with salt",18.0,0.95,0.11,4.01,0.7,2.49,247.0
Red curry paste,"Tomato products, canned, paste, without salt added (Includes foods for USDA's Food Distribution Program)",82.0,4.32,0.47,18.9,4.1,12.2,59.0
Red curry paste,"Alcoholic Beverage, wine, table, red, Barbera",85.0,0.07,0.0,2.79,0.0,0.0,0.0
Red curry paste,"Alcoholic Beverage, wine, table, red, Burgundy",86.0,0.07,0.0,3.69,0.0,0.0,0.0
Red curry paste,"Alcoholic Beverage, wine, table, red, Carignane",74.0,0.07,0.0,2.4,0.0,0.0,0.0
Red curry paste,"Alcoholic Beverage, wine, table, red, Claret",83.0,0.07,0.0,3.01,0.0,0.0,0.0
Red curry paste,"Alcoholic Beverage, wine, table, red, Gamay",78.0,0.07,0.0,2.38,0.0,0.0,0.0
Green curry paste,"Nuts, almond paste",458.0,9.0,27.7,47.8,4.8,36.2,9.0
Green curry paste,"Spices, curry powder",325.0,14.3,14.0,55.8,53.2,2.76,52.0
Green curry paste,"Seeds, sesame butter, paste",586.0,18.1,50.9,24.0,5.5,0.0,12.0
Green curry paste,"SMART SOUP, Thai Coconut Curry",36.0,0.8,1.06,6.5,1.0,3.7,141.0
Green curry paste,"Tomato, paste, canned, without salt added",0.0,4.23,0.732,20.2,4.7,0.0,61.2
Green curry paste,"Asparagus, green, raw",0.0,1.44,0.216,5.1,1.88,0.0,2.46
Green curry paste,"Beet greens, raw",22.0,2.2,0.13,4.33,3.7,0.5,226.0
Green curry paste,"Cabbage, green, raw",0.0,0.961,0.228,6.38,0.0,0.0,16.1
Green curry paste,"Cauliflower, green, raw",31.0,2.95,0.3,6.09,3.2,3.03,23.0
Green curry paste,"Chicory greens, raw",23.0,1.7,0.3,4.7,4.0,0.7,45.0
Green curry paste,"Dandelion greens, raw",45.0,2.7,0.7,9.2,3.5,0.71,76.0
Green curry paste,"Kiwifruit, green, raw",58.0,1.06,0.44,14.0,3.0,0.0,5.0
Green curry paste,"Kiwifruit, green, raw",61.0,1.14,0.52,14.7,3.0,8.99,3.0
Green curry paste,"Mustard greens, raw",27.0,2.86,0.42,4.67,3.2,1.32,20.0
Green curry paste,"Peas, green, raw",81.0,5.42,0.4,14.4,5.7,5.67,5.0
Green curry paste,"Plantains, green, boiled",121.0,1.09,0.08,29.2,2.6,2.25,2.0
Green curry paste,"Plantains, green, fried",309.0,1.5,11.8,49.2,3.5,3.63,2.0
Green curry paste,"Plantains, green, raw",152.0,1.25,0.07,36.7,2.2,2.29,2.0
Green curry paste,"Soybeans, green, raw",147.0,13.0,6.8,11.0,4.2,0.0,15.0
Green curry paste,"Tomatoes, green, raw",23.0,1.2,0.2,5.1,1.1,4.0,13.0
Green curry paste,"Turnip greens, raw",32.0,1.5,0.3,7.13,3.2,0.81,40.0
Green curry paste,"Turtle, green, raw",89.0,19.8,0.5,0.0,0.0,0.0,68.0
Green curry paste,"Green onion, (scallion), bulb and greens, root removed, raw",0.0,0.669,0.0,0.0,0.0,0.0,9.95
Green curry paste,"Beans, snap, green, microwaved",33.0,2.31,0.5,6.41,3.4,3.22,3.0
Green curry paste,"Beans, snap, green, raw",0.0,1.97,0.275,7.41,3.01,0.0,0.0
Green curry paste,"Beans, snap, green, raw",31.0,1.83,0.22,6.97,2.7,3.26,6.0
Green curry paste,"Cauliflower, green, cooked, with salt",32.0,3.04,0.31,6.28,3.3,0.0,259.0
Green curry paste,"Grapes, green, seedless, raw",0.0,0.899,0.232,18.6,0.0,0.0,3.17
Green curry paste,"Lettuce, green leaf, raw",15.0,1.36,0.15,2.87,1.3,0.78,28.0
Green curry paste,"Lettuce, leaf, green, raw",0.0,1.09,0.156,4.07,0.0,0.0,28.9
Green curry paste,"Lettuce, romaine, green, raw",0.0,0.977,0.0712,4.06,0.0,0.0,23.0
Green curry paste,"Mustard greens, frozen, unprepared",20.0,2.49,0.27,3.41,3.3,0.0,29.0
Green curry paste,"Peppers, bell, green, raw",0.0,0.715,0.106,4.78,0.942,0.0,0.0
Green curry paste,"Peppers, chili, green, canned",21.0,0.72,0.27,4.6,1.7,0.0,397.0
Green curry paste,"Peppers, sweet, green, raw",20.0,0.86,0.17,4.64,1.7,2.4,3.0
Green curry paste,"Peppers, sweet, green, sauteed",116.0,0.78,11.8,4.22,1.8,2.17,17.0
Green curry paste,"Turnip greens, frozen, unprepared",22.0,2.47,0.31,3.67,2.5,0.0,12.0
Green curry paste,"Babyfood, green beans and turkey, strained",51.0,4.1,1.5,5.35,1.4,1.39,11.0
Green curry paste,"Babyfood, green beans, dices, toddler",29.0,1.2,0.2,5.7,1.3,1.06,37.0
Green curry paste,"Babyfood, vegetable, green beans and potatoes",62.0,2.2,1.9,9.0,1.4,2.35,18.0
Green curry paste,"Babyfood, vegetables, green beans, junior",24.0,1.2,0.1,5.8,1.9,1.08,5.0
Green curry paste,"Babyfood, vegetables, green beans, strained",27.0,1.2,0.17,6.29,2.2,1.88,7.0
Green curry paste,"Beverages, tea, green, brewed, decaffeinated",0.0,0.0,0.0,0.0,0.0,0.0,0.0
Green curry paste,"Beverages, tea, green, brewed, regular",1.0,0.22,0.0,0.0,0.0,0.0,1.0
Green curry paste,"Cauliflower, green, cooked, no salt added",32.0,3.04,0.31,6.28,3.3,3.12,23.0
Green curry paste,"Kiwifruit (kiwi), green, peeled, raw",0.0,1.01,0.64,13.8,2.13,0.0,2.28
Green curry paste,"Olives, green, Manzanilla, stuffed with pimiento",130.0,1.15,12.9,4.96,4.0,0.0,1620.0
Green curry paste,"Olives, pickled, canned or bottled, green",145.0,1.03,15.3,3.84,3.3,0.54,1560.0
Green curry paste,"Onions, young green, tops only",27.0,0.97,0.47,5.74,1.8,3.91,15.0
Green curry paste,"Pear, Anjou, green, with skin, raw",0.0,0.312,0.371,14.8,2.64,0.0,0.398
Palm sugar,"Oil, palm",884.0,0.0,100.0,0.0,0.0,0.0,0.0
Palm sugar,"Hearts of palm, canned",28.0,2.52,0.62,4.62,2.4,0.0,426.0
Palm sugar,"Hearts of palm, raw",115.0,2.7,0.2,25.6,1.5,17.2,14.0
Palm sugar,"Oil, industrial, palm and palm kernel, filling fat (non-hydrogenated)",880.0,0.0,99.5,0.0,0.0,0.0,6.0
Palm sugar,"Shortening, confectionery, fractionated palm",884.0,0.0,100.0,0.0,0.0,0.0,0.0
Palm sugar,"Vegetable oil, palm kernel",862.0,0.0,100.0,0.0,0.0,0.0,0.0
Palm sugar,Shortening household soybean (hydrogenated) and palm,884.0,0.0,100.0,0.0,0.0,0.0,0.0
Palm sugar,"Margarine, 80% fat, tub, CANOLA HARVEST Soft Spread (canola, palm and palm kernel oils)",730.0,0.41,80.3,1.39,0.0,0.0,714.0
Palm sugar,"Shortening frying (heavy duty), palm (hydrogenated)",884.0,0.0,100.0,0.0,0.0,0.0,0.0
Palm sugar,"Shortening, multipurpose, soybean (hydrogenated) and palm (hydrogenated)",884.0,0.0,100.0,0.0,0.0,0.0,0.0
Palm sugar,"Oil, industrial, palm kernel (hydrogenated), filling fat",884.0,0.0,100.0,0.0,0.0,0.0,6.0
Palm sugar,"Shortening confectionery, coconut (hydrogenated) and or palm kernel (hydrogenated)",884.0,0.0,100.0,0.0,0.0,0.0,0.0
Palm sugar,"Popcorn, microwave, regular (butter) flavor, made with palm oil",535.0,8.38,30.2,57.3,10.0,0.3,763.0
Palm sugar,"Shortening, special purpose for baking, soybean (hydrogenated) palm and cottonseed",884.0,0.0,100.0,0.0,0.0,0.0,0.0
Palm sugar,"Oil, industrial, palm kernel (hydrogenated) , used for whipped toppings, non-dairy",884.0,0.0,100.0,0.0,0.0,0.0,6.0
Palm sugar,"Oil, industrial, palm kernel (hydrogenated), confection fat, intermediate grade product",884.0,0.0,100.0,0.0,0.0,0.0,6.0
Palm sugar,"Oil, industrial, soy (partially hydrogenated ), palm, principal uses icings and fillings",884.0,0.0,100.0,0.0,0.0,0.0,0.0
Palm sugar,"Oil, industrial, palm kernel, confection fat, uses similar to high quality cocoa butter",884.0,0.0,100.0,0.0,0.0,0.0,6.0
Palm sugar,"Sugar, turbinado",399.0,0.0,0.0,99.8,0.0,99.2,3.0
Palm sugar,"Sugars, brown",380.0,0.12,0.0,98.1,0.0,97.0,28.0
Palm sugar,"Sugars, granulated",385.0,0.0,0.32,99.6,0.0,0.0,1.0
Palm sugar,"Sugars, granulated",387.0,0.0,0.0,100.0,0.0,99.8,1.0
Palm sugar,"Sugars, maple",354.0,0.1,0.2,90.9,0.0,84.9,11.0
Palm sugar,"Sugars, powdered",389.0,0.0,0.0,99.8,0.0,97.8,2.0
Palm sugar,"Oil, industrial, palm kernel (hydrogenated), confection fat, uses similar to 95 degree hard butter",884.0,0.0,100.0,0.0,0.0,0.0,6.0
Palm sugar,"Cookies, sugar wafer, with creme filling, sugar free",531.0,3.57,28.6,66.3,14.3,0.0,71.0
Palm sugar,"Syrups, sugar free",51.0,0.8,0.0,12.0,0.7,0.01,210.0
Palm sugar,"Candies, sugar-coated almonds",465.0,10.0,17.9,68.3,2.5,62.5,13.0
Palm sugar,"Cookies, sugar, refrigerated dough",436.0,4.0,19.5,61.2,0.9,36.5,328.0
Palm sugar,"Peanut spread, reduced sugar",650.0,24.8,54.9,14.2,7.8,6.35,292.0
Palm sugar,"Rhubarb, frozen, cooked, with sugar",116.0,0.39,0.05,31.2,2.0,28.7,1.0
Palm sugar,"Sugar-apples, (sweetsop), raw",94.0,2.06,0.29,23.6,4.4,0.0,9.0
Palm sugar,"Babyfood, grape juice, no sugar, canned",62.0,0.0,0.0,15.4,0.0,15.3,10.0
Palm sugar,"Beverages, chocolate powder, no sugar added",350.0,9.09,4.5,68.3,9.1,27.3,500.0
Palm sugar,"Beverages, Energy Drink, sugar free",4.0,0.42,0.0,0.42,0.0,0.0,42.0
Palm sugar,"Cookies, sugar wafer, chocolate-covered",526.0,3.45,27.6,66.0,3.4,51.7,138.0
Palm sugar,"Cookies, sugar, refrigerated dough, baked",489.0,4.7,23.1,65.6,0.9,40.4,362.0
Palm sugar,"Jams, preserves, marmalade, reduced sugar",151.0,0.0,0.1,37.6,1.5,29.4,0.0
Palm sugar,"Jellies, reduced sugar, home preserved",179.0,0.3,0.03,46.1,0.8,45.3,2.0
Palm sugar,"Milk, chocolate, lowfat, reduced sugar",57.0,3.43,1.04,7.68,0.0,7.29,66.0
Palm sugar,"Sweeteners, for baking, contains sugar and sucralose",398.0,0.0,0.0,99.5,0.0,47.0,2.0
Palm sugar,"Sweeteners, sugar substitute, granulated, brown",347.0,2.06,0.0,84.8,0.6,4.03,572.0
Palm sugar,"Toaster pastries, brown-sugar-cinnamon",370.0,4.06,7.98,72.6,2.3,27.2,361.0
Palm sugar,"Apples, dried, sulfured, stewed, with added sugar",83.0,0.2,0.07,20.7,1.9,0.0,19.0
Palm sugar,"Apricots, dried, sulfured, stewed, with added sugar",113.0,1.17,0.15,29.3,4.1,0.0,3.0
Palm sugar,"Beverages, Cocoa mix, no sugar added, powder",377.0,15.5,3.0,71.9,7.5,37.6,876.0
Palm sugar,"Beverages, Energy drink, AMP, sugar free",2.0,0.0,0.0,1.03,0.0,0.0,31.0
Palm sugar,"Beverages, Energy drink, ROCKSTAR, sugar free",4.0,0.25,0.08,0.7,0.0,0.0,52.0
Palm sugar,"Cookie, butter or sugar, with chocolate icing or filling",503.0,4.1,23.5,68.8,1.9,33.8,301.0
Palm sugar,"Cookies, brownies, dry mix, sugar free",426.0,2.9,12.5,80.4,4.2,0.0,83.0
"Peanuts, raw","Peanuts, raw",0.0,23.2,43.3,26.5,8.01,0.0,1.49
"Peanuts, raw","Peanuts, spanish, raw",570.0,26.2,49.6,15.8,9.5,0.0,22.0
"Peanuts, raw","Peanuts, valencia, raw",570.0,25.1,47.6,20.9,8.7,0.0,1.0
"Peanuts, raw","Peanuts, virginia, raw",563.0,25.2,48.8,16.5,8.5,3.95,10.0
"Peanuts, raw","Peanuts, all types, raw",567.0,25.8,49.2,16.1,8.5,4.72,18.0
"Peanuts, raw","Abiyuch, raw",69.0,1.5,0.1,17.6,5.3,8.55,20.0
"Peanuts, raw","Apricots, raw",48.0,1.4,0.39,11.1,2.0,9.24,1.0
"Peanuts, raw","Arrowhead, raw",99.0,5.33,0.29,20.2,0.0,0.0,22.0
"Peanuts, raw","Arrowroot, raw",65.0,4.24,0.2,13.4,1.3,0.0,26.0
"Peanuts, raw","Arugula, raw",25.0,2.58,0.66,3.65,1.6,2.05,27.0
"Peanuts, raw","Asparagus, raw",20.0,2.2,0.12,3.88,2.1,1.88,2.0
"Peanuts, raw","Bananas, raw",89.0,1.09,0.33,22.8,2.6,12.2,1.0
"Peanuts, raw","Beets, raw",0.0,1.69,0.302,8.79,3.12,0.0,112.0
"Peanuts, raw","Beets, raw",43.0,1.61,0.17,9.56,2.8,6.76,78.0
"Peanuts, raw","Blackberries, raw",43.0,1.39,0.49,9.61,5.3,4.88,1.0
"Peanuts, raw","Blackberries, raw",0.0,1.53,0.0,0.0,0.0,0.0,1.55
"Peanuts, raw","Blueberries, raw",0.0,0.703,0.306,14.6,0.0,0.0,0.0
"Peanuts, raw","Blueberries, raw",57.0,0.74,0.33,14.5,2.4,9.96,1.0
"Peanuts, raw","Borage, raw",21.0,1.8,0.7,3.06,0.0,0.0,80.0
"Peanuts, raw","Breadfruit, raw",103.0,1.07,0.23,27.1,4.9,11.0,2.0
"Peanuts, raw","Broccoli, raw",31.0,2.57,0.34,6.27,2.4,0.0,36.0
"Peanuts, raw","Broccoli, raw",34.0,2.82,0.37,6.64,2.6,1.7,33.0
"Peanuts, raw","Cabbage, raw",25.0,1.28,0.1,5.8,2.5,3.2,18.0
"Peanuts, raw","Cardoon, raw",17.0,0.7,0.1,4.07,1.6,0.0,170.0
"Peanuts, raw","Carrots, raw",41.0,0.93,0.24,9.58,2.8,4.74,69.0
"Peanuts, raw","Cassava, raw",160.0,1.36,0.28,38.1,1.8,1.7,14.0
"Peanuts, raw","Cauliflower, raw",0.0,1.64,0.238,4.72,1.95,0.0,20.0
"Peanuts, raw","Cauliflower, raw",25.0,1.92,0.28,4.97,2.0,1.91,30.0
"Peanuts, raw","Celeriac, raw",42.0,1.5,0.3,9.2,1.8,1.6,100.0
"Peanuts, raw","Celery, raw",0.0,0.492,0.162,3.32,0.0,0.0,97.2
"Peanuts, raw","Celery, raw",14.0,0.69,0.17,2.97,1.6,1.34,80.0
"Peanuts, raw","Celtuce, raw",18.0,0.85,0.3,3.65,1.7,0.0,11.0
"Peanuts, raw","Cherimoya, raw",75.0,1.57,0.68,17.7,3.0,12.9,7.0
"Peanuts, raw","Chives, raw",30.0,3.27,0.73,4.35,2.5,1.85,3.0
"Peanuts, raw","Clementines, raw",47.0,0.85,0.15,12.0,1.7,9.18,1.0
"Peanuts, raw","Collards, raw",32.0,3.02,0.61,5.42,4.0,0.46,17.0
"Peanuts, raw","Collards, raw",0.0,2.97,0.77,7.02,3.82,0.0,18.4
"Peanuts, raw","Cornsalad, raw",21.0,2.0,0.4,3.6,0.0,0.0,4.0
"Peanuts, raw","Crabapples, raw",76.0,0.4,0.3,20.0,0.0,0.0,1.0
"Peanuts, raw","Cranberries, raw",46.0,0.46,0.13,12.0,3.6,4.27,2.0
"Peanuts, raw","Dock, raw",22.0,2.0,0.7,3.2,2.9,0.0,4.0
"Peanuts, raw","Eggplant, raw",25.0,0.98,0.18,5.88,3.0,3.53,2.0
"Peanuts, raw","Eggplant, raw",0.0,0.852,0.12,5.4,2.45,0.0,0.442
"Peanuts, raw","Elderberries, raw",73.0,0.66,0.5,18.4,7.0,0.0,6.0
"Peanuts, raw","Endive, raw",17.0,1.25,0.2,3.35,3.1,0.25,22.0
"Peanuts, raw","Epazote, raw",32.0,0.33,0.52,7.44,3.8,0.0,43.0
"Peanuts, raw","Eppaw, raw",150.0,4.6,1.8,31.7,0.0,0.0,12.0
"Peanuts, raw","Feijoa, raw",61.0,0.71,0.42,15.2,6.4,8.2,3.0
"Peanuts, raw","Figs, raw",74.0,0.75,0.3,19.2,2.9,16.3,1.0
"Peanuts, raw","Garlic, raw",143.0,6.62,0.38,28.2,2.7,0.0,0.0
"Tofu, firm",HOUSE FOODS Premium Firm Tofu,85.0,10.9,4.19,0.97,0.9,0.4,33.0
"Tofu, firm","MORI-NU, Tofu, silken, firm",62.0,6.9,2.7,2.4,0.1,1.27,36.0
"Tofu, firm","Tofu, extra firm, prepared with nigari",83.0,9.98,5.26,1.18,1.0,0.71,4.0
"Tofu, firm","Vitasoy USA Azumaya, Firm Tofu",80.0,9.08,4.2,1.52,0.6,0.4,23.0
"Tofu, firm","MORI-NU, Tofu, silken, extra firm",55.0,7.4,1.9,2.0,0.1,0.99,63.0
"Tofu, firm","MORI-NU, Tofu, silken, lite firm",37.0,6.3,0.8,1.1,0.0,0.45,85.0
"Tofu, firm","Tofu, raw, firm, prepared with calcium sulfate",144.0,17.3,8.72,2.78,2.3,0.0,14.0
"Tofu, firm","Vitasoy USA Azumaya, Extra Firm Tofu",88.0,10.1,4.6,1.53,0.9,0.5,26.0
"Tofu, firm","Vitasoy USA, Nasoya Lite Firm Tofu",54.0,8.3,1.7,1.3,0.6,0.2,34.0
"Tofu, firm","Vitasoy USA, Organic Nasoya Firm Tofu",84.0,8.9,4.4,2.3,0.8,0.3,4.0
"Tofu, firm","MORI-NU, Tofu, silken, lite extra firm",38.0,7.0,0.7,1.0,0.0,0.42,98.0
"Tofu, firm","Vitasoy USA Organic Nasoya, Tofu Plus Firm",74.0,9.19,3.4,1.71,0.8,0.3,4.0
"Tofu, firm","Vitasoy USA, Organic Nasoya Extra Firm Tofu",98.0,10.1,5.2,2.6,1.3,0.4,4.0
"Tofu, firm","Tofu, firm, prepared with calcium sulfate and magnesium chloride (nigari)",78.0,9.04,4.17,2.85,0.9,0.6,12.0
"Tofu, firm","Vitasoy USA Organic Nasoya, Tofu Plus Extra Firm",92.0,10.2,4.9,1.82,1.0,0.4,7.0
"Tofu, firm","Vitasoy USA, Organic Nasoya Super Firm Cubed Tofu",118.0,12.4,6.3,2.8,2.0,0.6,6.0
"Tofu, firm","Vitasoy USA Organic Nasoya Sprouted, Tofu Plus Super Firm",115.0,13.2,5.9,2.16,1.2,1.1,28.0
"Tofu, firm",Tofu yogurt,94.0,3.5,1.8,16.0,0.2,1.24,35.0
"Tofu, firm","Tofu, fried",270.0,18.8,20.2,8.86,3.9,2.72,16.0
"Tofu, firm","Mayonnaise, made with tofu",322.0,5.95,31.8,3.06,1.1,0.85,773.0
"Tofu, firm","Tofu, dried-frozen (koyadofu)",477.0,52.5,30.3,10.0,7.2,0.0,6.0
"Tofu, firm","Tofu, hard, prepared with nigari",145.0,12.7,9.99,4.39,0.6,0.0,2.0
"Tofu, firm","Tofu, salted and fermented (fuyu)",116.0,8.92,8.0,4.38,0.0,0.0,2870.0
"Tofu, firm",HOUSE FOODS Premium Soft Tofu,59.0,6.38,2.71,2.19,0.8,0.53,34.0
"Tofu, firm","MORI-NU, Tofu, silken, soft",55.0,4.8,2.7,2.9,0.1,1.31,5.0
"Tofu, firm","Tofu, fried, prepared with calcium sulfate",270.0,18.8,20.2,8.86,3.9,0.0,16.0
"Tofu, firm","Vitasoy USA Azumaya, Silken Tofu",43.0,4.82,2.4,0.58,0.2,0.2,2.0
"Tofu, firm","Tofu, raw, regular, prepared with calcium sulfate",76.0,8.08,4.78,1.87,0.3,0.62,7.0
"Tofu, firm","Vitasoy USA Nasoya, Lite Silken Tofu",43.0,8.21,1.1,0.0,0.0,0.0,79.0
"Tofu, firm","Vitasoy USA Organic Nasoya, Soft Tofu",70.0,8.76,3.5,0.74,0.6,0.3,4.0
"Tofu, firm","Vitasoy USA, Organic Nasoya Silken Tofu",47.0,4.8,2.5,1.4,0.3,0.2,2.0
"Tofu, firm","Tofu, dried-frozen (koyadofu), prepared with calcium sulfate",470.0,52.4,30.3,8.3,1.2,0.0,6.0
"Tofu, firm","Tofu, salted and fermented (fuyu), prepared with calcium sulfate",116.0,8.15,8.0,5.15,0.0,0.0,2870.0
"Tofu, firm","Tofu, soft, prepared with calcium sulfate and magnesium chloride (nigari)",61.0,7.17,3.69,1.18,0.2,0.7,8.0
"Egg, whole, raw","Egg, whole, raw, fresh",143.0,12.6,9.51,0.72,0.0,0.37,142.0
"Egg, whole, raw","Egg, duck, whole, fresh, raw",185.0,12.8,13.8,1.45,0.0,0.93,146.0
"Egg, whole, raw","Egg, goose, whole, fresh, raw",185.0,13.9,13.3,1.35,0.0,0.94,138.0
"Egg, whole, raw","Egg, quail, whole, fresh, raw",158.0,13.0,11.1,0.41,0.0,0.4,141.0
"Egg, whole, raw","Egg, turkey, whole, fresh, raw",171.0,13.7,11.9,1.15,0.0,0.0,151.0
"Egg, whole, raw","Egg, whole, raw, frozen, pasteurized",150.0,12.3,10.3,0.91,0.0,0.0,121.0
"Egg, whole, raw","Egg, whole, raw, frozen, salted, pasteurized",138.0,11.0,10.1,0.83,0.0,0.07,3660.0
"Egg, whole, raw","Egg, white, raw, fresh",52.0,10.9,0.17,0.73,0.0,0.71,166.0
"Egg, whole, raw","Egg, yolk, raw, fresh",322.0,15.9,26.5,3.59,0.0,0.56,48.0
"Egg, whole, raw","Eggs, Grade A, Large, egg whole",148.0,12.4,9.96,0.96,0.0,0.0,129.0
"Egg, whole, raw","Egg, whole, dried",592.0,48.0,43.9,1.13,0.0,0.56,476.0
"Egg, whole, raw","Egg, whole, dried",575.0,48.1,39.8,1.87,0.0,0.0,485.0
"Egg, whole, raw","Egg, white, raw, frozen, pasteurized",48.0,10.2,0.0,1.04,0.0,0.25,169.0
"Egg, whole, raw","Egg, white, raw, frozen, pasteurized",48.0,10.1,0.16,0.74,0.0,0.0,144.0
"Egg, whole, raw","Egg, yolk, raw, frozen, pasteurized",296.0,15.6,25.1,0.59,0.0,0.0,66.0
"Egg, whole, raw","Egg, yolk, raw, frozen, pasteurized",296.0,15.5,25.6,0.81,0.0,0.16,67.0
"Egg, whole, raw","Nuts, almonds, whole, raw",0.0,21.5,51.1,20.0,10.8,0.0,0.0
"Egg, whole, raw","Turkey, whole, giblets, raw",124.0,18.2,5.09,0.07,0.0,0.0,136.0
"Egg, whole, raw","Egg, whole, raw, frozen, pasteurized (Includes foods for USDA's Food Distribution Program)",147.0,12.3,9.95,1.01,0.0,0.25,128.0
"Egg, whole, raw","Egg, whole, cooked, fried",196.0,13.6,14.8,0.83,0.0,0.4,207.0
"Egg, whole, raw","Egg, whole, cooked, omelet",154.0,10.6,11.7,0.64,0.0,0.31,155.0
"Egg, whole, raw","Egg, whole, cooked, poached",143.0,12.5,9.47,0.71,0.0,0.37,297.0
"Egg, whole, raw","Egg, whole, cooked, scrambled",149.0,9.99,11.0,1.61,0.0,1.39,145.0
"Egg, whole, raw","Egg, yolk, raw, frozen, salted, pasteurized",275.0,14.1,22.9,1.77,0.0,0.07,3490.0
"Egg, whole, raw","Egg, yolk, raw, frozen, sugared, pasteurized",307.0,13.9,22.8,11.0,0.0,10.3,70.0
"Egg, whole, raw","Turkey, whole, light meat, raw",114.0,23.7,1.48,0.14,0.0,0.05,113.0
"Egg, whole, raw","Turkey, whole, meat and skin, raw",144.0,21.6,5.64,0.14,0.0,0.07,112.0
"Egg, whole, raw","Turkey, whole, meat only, raw",115.0,22.6,1.93,0.14,0.0,0.07,118.0
"Egg, whole, raw","Egg, whole, cooked, hard-boiled",155.0,12.6,10.6,1.12,0.0,1.12,124.0
"Egg, whole, raw","Sorghum, whole grain, white, dry, raw",0.0,10.1,4.22,73.6,8.27,0.0,0.329
"Egg, whole, raw","Turkey, whole, back, meat only, raw",113.0,21.3,2.5,0.15,0.0,0.1,124.0
"Egg, whole, raw","Turkey, whole, breast, meat only, raw",114.0,23.7,1.48,0.14,0.0,0.05,113.0
"Egg, whole, raw","Turkey, whole, neck, meat only, raw",125.0,16.5,6.04,0.0,0.0,0.0,233.0
"Egg, whole, raw","Turkey, whole, skin (light and dark), raw",407.0,13.0,38.9,0.16,0.0,0.1,62.0
"Egg, whole, raw","Turkey, whole, wing, meat only, raw",115.0,23.7,1.48,0.14,0.0,0.05,113.0
"Egg, whole, raw","Egg, whole, dried, stabilized, glucose reduced",615.0,48.2,44.0,2.38,0.0,0.0,548.0
"Egg, whole, raw","Turkey, whole, dark meat, meat only, raw",108.0,21.3,2.5,0.15,0.0,0.1,124.0
"Egg, whole, raw","Turkey, whole, light meat, meat and skin, raw",161.0,22.0,7.43,0.15,0.0,0.06,105.0
"Egg, whole, raw","Turkey, whole, meat and skin, with added solution, raw",159.0,19.0,9.1,0.15,0.0,0.08,180.0
"Egg, whole, raw","Turkey, whole, meat only, with added solution, raw",106.0,20.9,2.39,0.14,0.0,0.06,194.0
"Egg, whole, raw","Egg custards, dry mix, prepared with whole milk",122.0,3.99,4.0,17.6,0.0,4.82,84.0
"Egg, whole, raw","Pork, fresh, loin, whole, separable lean and fat, raw",198.0,19.7,12.6,0.0,0.0,0.0,50.0
"Egg, whole, raw","Pork, fresh, loin, whole, separable lean only, raw",143.0,21.4,5.66,0.0,0.0,0.0,52.0
"Egg, whole, raw","Pork, fresh, shoulder, whole, separable lean and fat, raw",236.0,17.2,18.0,0.0,0.0,0.0,65.0
"Egg, whole, raw","Pork, fresh, shoulder, whole, separable lean only, raw",148.0,19.6,7.14,0.0,0.0,0.0,76.0
"Egg, whole, raw","Turkey, drumstick, from whole bird, meat only, raw",109.0,23.7,1.48,0.14,0.0,0.05,113.0
"Egg, whole, raw","Turkey, thigh, from whole bird, meat only, raw",108.0,21.3,2.5,0.15,0.0,0.1,124.0
"Egg, whole, raw","Veal, breast, whole, boneless, separable lean and fat, raw",208.0,17.5,14.8,0.0,0.0,0.0,71.0
"Egg, whole, raw","Beef, brisket, whole, separable lean only, all grades, raw",157.0,20.7,7.37,0.6,0.0,0.0,79.0
"Egg, whole, raw","Pork, fresh, leg (ham), whole, separable lean and fat, raw",245.0,17.4,18.9,0.0,0.0,0.0,47.0
